[{"model": "sure.questionnaire", "pk": 2, "fields": {"name": "Berda Form", "name_en": "Berda Form", "name_de": null, "name_fr": null, "name_it": null, "name_es": null, "name_pt": null}}, {"model": "sure.section", "pk": 8, "fields": {"questionnaire": 2, "order": 0, "title": "Lovely to see you!", "title_en": "Lovely to see you!", "title_de": "Hallo!", "title_fr": null, "title_it": null, "title_es": null, "title_pt": null, "description": "Please answer the following questions. Your answers help us improve our counsultation. Your anonymised information will also enable us to make better sexual health care available in Switzerland. Learn more. Thank you for your support!", "description_en": "Please answer the following questions. Your answers help us improve our counsultation. Your anonymised information will also enable us to make better sexual health care available in Switzerland. Learn more. Thank you for your support!", "description_de": "", "description_fr": "", "description_it": "", "description_es": "", "description_pt": ""}}, {"model": "sure.section", "pk": 9, "fields": {"questionnaire": 2, "order": 1, "title": "About me", "title_en": "About me", "title_de": null, "title_fr": null, "title_it": null, "title_es": null, "title_pt": null, "description": "Tell us about yourself, so that we can tailor our services to you.", "description_en": "Tell us about yourself, so that we can tailor our services to you.", "description_de": null, "description_fr": null, "description_it": null, "description_es": null, "description_pt": null}}, {"model": "sure.section", "pk": 10, "fields": {"questionnaire": 2, "order": 2, "title": "Sexual health", "title_en": "Sexual health", "title_de": null, "title_fr": null, "title_it": null, "title_es": null, "title_pt": null, "description": "To be able to advise you properly, we need some information about your sex life.", "description_en": "To be able to advise you properly, we need some information about your sex life.", "description_de": null, "description_fr": null, "description_it": null, "description_es": null, "description_pt": null}}, {"model": "sure.section", "pk": 11, "fields": {"questionnaire": 2, "order": 3, "title": "Mental health", "title_en": "Mental health", "title_de": null, "title_fr": null, "title_it": null, "title_es": null, "title_pt": null, "description": "We have a few questions about your mental health. You can skip them if you do not wish to answer them. Skip.", "description_en": "We have a few questions about your mental health. You can skip them if you do not wish to answer them. Skip.", "description_de": null, "description_fr": null, "description_it": null, "description_es": null, "description_pt": null}}, {"model": "sure.section", "pk": 12, "fields": {"questionnaire": 2, "order": 4, "title": "Substance use", "title_en": "Substance use", "title_de": null, "title_fr": null, "title_it": null, "title_es": null, "title_pt": null, "description": "We ask you about your alcohol and substance use. You can skip them if you do not wish to answer them. Skip.", "description_en": "We ask you about your alcohol and substance use. You can skip them if you do not wish to answer them. Skip.", "description_de": null, "description_fr": null, "description_it": null, "description_es": null, "description_pt": null}}, {"model": "sure.section", "pk": 13, "fields": {"questionnaire": 2, "order": 5, "title": "One last question:", "title_en": "One last question:", "title_de": null, "title_fr": null, "title_it": null, "title_es": null, "title_pt": null, "description": "", "description_en": "", "description_de": null, "description_fr": null, "description_it": null, "description_es": null, "description_pt": null}}, {"model": "sure.section", "pk": 14, "fields": {"questionnaire": 2, "order": 6, "title": "Thank you.", "title_en": "Thank you.", "title_de": null, "title_fr": null, "title_it": null, "title_es": null, "title_pt": null, "description": "", "description_en": "", "description_de": null, "description_fr": null, "description_it": null, "description_es": null, "description_pt": null}}, {"model": "sure.clientquestion", "pk": 39, "fields": {"question_text": "Why are you here today? (Multiple answers possible.)", "question_text_en": "Why are you here today? (Multiple answers possible.)", "question_text_de": null, "question_text_fr": null, "question_text_it": null, "question_text_es": null, "question_text_pt": null, "code": "CONSULT-REASONTODAY", "format": "multiple choice + open text field", "label": "", "label_en": null, "label_de": null, "label_fr": null, "label_it": null, "label_es": null, "label_pt": null, "copy_paste": false, "order": 0, "validation": "", "section": 8, "do_not_show_directly": false, "optional_for_centers": false, "show_for_options": []}}, {"model": "sure.clientquestion", "pk": 40, "fields": {"question_text": "What is your year of birth?", "question_text_en": "What is your year of birth?", "question_text_de": null, "question_text_fr": null, "question_text_it": null, "question_text_es": null, "question_text_pt": null, "code": "SEDFACT-BIRTHYEAR", "format": "open text field", "label": "", "label_en": null, "label_de": null, "label_fr": null, "label_it": null, "label_es": null, "label_pt": null, "copy_paste": true, "order": 0, "validation": "^\\d{4}$", "section": 9, "do_not_show_directly": false, "optional_for_centers": false, "show_for_options": []}}, {"model": "sure.clientquestion", "pk": 41, "fields": {"question_text": "What is your postcode?", "question_text_en": "What is your postcode?", "question_text_de": null, "question_text_fr": null, "question_text_it": null, "question_text_es": null, "question_text_pt": null, "code": "SEDFACT-POSTCODE", "format": "open text field", "label": "", "label_en": null, "label_de": null, "label_fr": null, "label_it": null, "label_es": null, "label_pt": null, "copy_paste": false, "order": 1, "validation": "^\\d{4}$", "section": 9, "do_not_show_directly": true, "optional_for_centers": false, "show_for_options": []}}, {"model": "sure.clientquestion", "pk": 42, "fields": {"question_text": "Which Swiss residence permit do you have?", "question_text_en": "Which Swiss residence permit do you have?", "question_text_de": null, "question_text_fr": null, "question_text_it": null, "question_text_es": null, "question_text_pt": null, "code": "SEDFACT-RESIDENCE", "format": "single choice", "label": "", "label_en": null, "label_de": null, "label_fr": null, "label_it": null, "label_es": null, "label_pt": null, "copy_paste": false, "order": 3, "validation": "", "section": 9, "do_not_show_directly": true, "optional_for_centers": false, "show_for_options": []}}, {"model": "sure.clientquestion", "pk": 43, "fields": {"question_text": "What is your highest completed level of education?", "question_text_en": "What is your highest completed level of education?", "question_text_de": null, "question_text_fr": null, "question_text_it": null, "question_text_es": null, "question_text_pt": null, "code": "SEDFACT-EDUCATION", "format": "single choice", "label": "", "label_en": null, "label_de": null, "label_fr": null, "label_it": null, "label_es": null, "label_pt": null, "copy_paste": false, "order": 4, "validation": "", "section": 9, "do_not_show_directly": true, "optional_for_centers": false, "show_for_options": []}}, {"model": "sure.clientquestion", "pk": 44, "fields": {"question_text": "What is your current employment status?", "question_text_en": "What is your current employment status?", "question_text_de": null, "question_text_fr": null, "question_text_it": null, "question_text_es": null, "question_text_pt": null, "code": "SEDFACT-EMPLOYMENT", "format": "single choice", "label": "", "label_en": null, "label_de": null, "label_fr": null, "label_it": null, "label_es": null, "label_pt": null, "copy_paste": false, "order": 5, "validation": "", "section": 9, "do_not_show_directly": true, "optional_for_centers": false, "show_for_options": []}}, {"model": "sure.clientquestion", "pk": 45, "fields": {"question_text": "Do you have health insurance in Switzerland?", "question_text_en": "Do you have health insurance in Switzerland?", "question_text_de": null, "question_text_fr": null, "question_text_it": null, "question_text_es": null, "question_text_pt": null, "code": "SEDFACT-HEALTHINSURANCE", "format": "single choice", "label": "", "label_en": null, "label_de": null, "label_fr": null, "label_it": null, "label_es": null, "label_pt": null, "copy_paste": false, "order": 6, "validation": "", "section": 9, "do_not_show_directly": true, "optional_for_centers": true, "show_for_options": []}}, {"model": "sure.clientquestion", "pk": 46, "fields": {"question_text": "Today, you are:", "question_text_en": "Today, you are:", "question_text_de": null, "question_text_fr": null, "question_text_it": null, "question_text_es": null, "question_text_pt": null, "code": "SEDFACT-GENDER", "format": "single choice", "label": "", "label_en": null, "label_de": null, "label_fr": null, "label_it": null, "label_es": null, "label_pt": null, "copy_paste": true, "order": 7, "validation": "", "section": 9, "do_not_show_directly": false, "optional_for_centers": false, "show_for_options": []}}, {"model": "sure.clientquestion", "pk": 47, "fields": {"question_text": "What sex were you assigned at birth?", "question_text_en": "What sex were you assigned at birth?", "question_text_de": null, "question_text_fr": null, "question_text_it": null, "question_text_es": null, "question_text_pt": null, "code": "SEDFACT-SEX", "format": "single choice", "label": "", "label_en": null, "label_de": null, "label_fr": null, "label_it": null, "label_es": null, "label_pt": null, "copy_paste": true, "order": 8, "validation": "", "section": 9, "do_not_show_directly": false, "optional_for_centers": false, "show_for_options": []}}, {"model": "sure.clientquestion", "pk": 48, "fields": {"question_text": "Today, this word best describes my sexuality:", "question_text_en": "Today, this word best describes my sexuality:", "question_text_de": null, "question_text_fr": null, "question_text_it": null, "question_text_es": null, "question_text_pt": null, "code": "SEDFACT-SEXUALITY", "format": "single choice + open text field", "label": "", "label_en": null, "label_de": null, "label_fr": null, "label_it": null, "label_es": null, "label_pt": null, "copy_paste": true, "order": 9, "validation": "", "section": 9, "do_not_show_directly": false, "optional_for_centers": false, "show_for_options": []}}, {"model": "sure.clientquestion", "pk": 49, "fields": {"question_text": "With whom have you had sex since your last test? (Multiple answers possible.)", "question_text_en": "With whom have you had sex since your last test? (Multiple answers possible.)", "question_text_de": null, "question_text_fr": null, "question_text_it": null, "question_text_es": null, "question_text_pt": null, "code": "SEXHEALTH-PARTNERSGENDER", "format": "multiple choice", "label": "", "label_en": null, "label_de": null, "label_fr": null, "label_it": null, "label_es": null, "label_pt": null, "copy_paste": false, "order": 0, "validation": "", "section": 10, "do_not_show_directly": false, "optional_for_centers": false, "show_for_options": []}}, {"model": "sure.clientquestion", "pk": 50, "fields": {"question_text": "How were you having sex since your last test? (Multiple answers possible.)", "question_text_en": "How were you having sex since your last test? (Multiple answers possible.)", "question_text_de": null, "question_text_fr": null, "question_text_it": null, "question_text_es": null, "question_text_pt": null, "code": "SEXHEALTH-PRACTICES", "format": "multiple choice + open text field", "label": "", "label_en": null, "label_de": null, "label_fr": null, "label_it": null, "label_es": null, "label_pt": null, "copy_paste": false, "order": 1, "validation": "", "section": 10, "do_not_show_directly": false, "optional_for_centers": false, "show_for_options": []}}, {"model": "sure.clientquestion", "pk": 51, "fields": {"question_text": "How many sexual partners have you had in the last 12 months?", "question_text_en": "How many sexual partners have you had in the last 12 months?", "question_text_de": null, "question_text_fr": null, "question_text_it": null, "question_text_es": null, "question_text_pt": null, "code": "SEXHEALTH-PARTNERSAMOUNT", "format": "single choice", "label": "", "label_en": null, "label_de": null, "label_fr": null, "label_it": null, "label_es": null, "label_pt": null, "copy_paste": false, "order": 2, "validation": "", "section": 10, "do_not_show_directly": false, "optional_for_centers": false, "show_for_options": []}}, {"model": "sure.clientquestion", "pk": 52, "fields": {"question_text": "Have you paid for sex?", "question_text_en": "Have you paid for sex?", "question_text_de": null, "question_text_fr": null, "question_text_it": null, "question_text_es": null, "question_text_pt": null, "code": "SEXHEALTH-SEXWORKCLIENT", "format": "single choice", "label": "", "label_en": null, "label_de": null, "label_fr": null, "label_it": null, "label_es": null, "label_pt": null, "copy_paste": false, "order": 3, "validation": "", "section": 10, "do_not_show_directly": false, "optional_for_centers": false, "show_for_options": []}}, {"model": "sure.clientquestion", "pk": 53, "fields": {"question_text": "Were you paid for sex?", "question_text_en": "Were you paid for sex?", "question_text_de": null, "question_text_fr": null, "question_text_it": null, "question_text_es": null, "question_text_pt": null, "code": "SEXHEALTH-SEXWORKER", "format": "single choice", "label": "", "label_en": null, "label_de": null, "label_fr": null, "label_it": null, "label_es": null, "label_pt": null, "copy_paste": false, "order": 4, "validation": "", "section": 10, "do_not_show_directly": false, "optional_for_centers": false, "show_for_options": []}}, {"model": "sure.clientquestion", "pk": 54, "fields": {"question_text": "Which swab kit do you need for your genital tests?", "question_text_en": "Which swab kit do you need for your genital tests?", "question_text_de": null, "question_text_fr": null, "question_text_it": null, "question_text_es": null, "question_text_pt": null, "code": "SEDFACT-GENITALS", "format": "single choice", "label": "", "label_en": null, "label_de": null, "label_fr": null, "label_it": null, "label_es": null, "label_pt": null, "copy_paste": false, "order": 5, "validation": "", "section": 10, "do_not_show_directly": false, "optional_for_centers": true, "show_for_options": []}}, {"model": "sure.clientquestion", "pk": 55, "fields": {"question_text": "Have you ever been diagnosed with syphilis?", "question_text_en": "Have you ever been diagnosed with syphilis?", "question_text_de": null, "question_text_fr": null, "question_text_it": null, "question_text_es": null, "question_text_pt": null, "code": "SEXHEALTH-SYPHILIS", "format": "single choice", "label": "", "label_en": null, "label_de": null, "label_fr": null, "label_it": null, "label_es": null, "label_pt": null, "copy_paste": true, "order": 6, "validation": "", "section": 10, "do_not_show_directly": false, "optional_for_centers": true, "show_for_options": []}}, {"model": "sure.clientquestion", "pk": 56, "fields": {"question_text": "Have you taken any of the following medications in the last month (multiple answers possible):", "question_text_en": "Have you taken any of the following medications in the last month (multiple answers possible):", "question_text_de": null, "question_text_fr": null, "question_text_it": null, "question_text_es": null, "question_text_pt": null, "code": "SEXHEALTH-ANTIBIOTICSSEXHEALTH-SYPHILIS", "format": "multiple choice", "label": "", "label_en": null, "label_de": null, "label_fr": null, "label_it": null, "label_es": null, "label_pt": null, "copy_paste": false, "order": 7, "validation": "", "section": 10, "do_not_show_directly": false, "optional_for_centers": true, "show_for_options": []}}, {"model": "sure.clientquestion", "pk": 57, "fields": {"question_text": "Have you snorted or injected substances in the last 12 months?", "question_text_en": "Have you snorted or injected substances in the last 12 months?", "question_text_de": null, "question_text_fr": null, "question_text_it": null, "question_text_es": null, "question_text_pt": null, "code": "SUBSTANCEUSE-FORM", "format": "single choice", "label": "", "label_en": null, "label_de": null, "label_fr": null, "label_it": null, "label_es": null, "label_pt": null, "copy_paste": false, "order": 8, "validation": "", "section": 10, "do_not_show_directly": false, "optional_for_centers": false, "show_for_options": []}}, {"model": "sure.clientquestion", "pk": 58, "fields": {"question_text": "Have you ever been diagnosed with HIV?", "question_text_en": "Have you ever been diagnosed with HIV?", "question_text_de": null, "question_text_fr": null, "question_text_it": null, "question_text_es": null, "question_text_pt": null, "code": "HIVSTATUS", "format": "single choice", "label": "", "label_en": null, "label_de": null, "label_fr": null, "label_it": null, "label_es": null, "label_pt": null, "copy_paste": true, "order": 9, "validation": "", "section": 10, "do_not_show_directly": false, "optional_for_centers": false, "show_for_options": []}}, {"model": "sure.clientquestion", "pk": 59, "fields": {"question_text": "Are you comfortable with your current HIV treatment?", "question_text_en": "Are you comfortable with your current HIV treatment?", "question_text_de": null, "question_text_fr": null, "question_text_it": null, "question_text_es": null, "question_text_pt": null, "code": "HIVPOS-TREATMENT", "format": "single choice", "label": "", "label_en": null, "label_de": null, "label_fr": null, "label_it": null, "label_es": null, "label_pt": null, "copy_paste": false, "order": 10, "validation": "", "section": 10, "do_not_show_directly": false, "optional_for_centers": false, "show_for_options": []}}, {"model": "sure.clientquestion", "pk": 60, "fields": {"question_text": "Do you have any question about living with HIV?", "question_text_en": "Do you have any question about living with HIV?", "question_text_de": null, "question_text_fr": null, "question_text_it": null, "question_text_es": null, "question_text_pt": null, "code": "HIVPOS-CONSULT", "format": "single choice + open text field", "label": "", "label_en": null, "label_de": null, "label_fr": null, "label_it": null, "label_es": null, "label_pt": null, "copy_paste": false, "order": 11, "validation": "", "section": 10, "do_not_show_directly": false, "optional_for_centers": false, "show_for_options": []}}, {"model": "sure.clientquestion", "pk": 61, "fields": {"question_text": "When was your last HIV test?", "question_text_en": "When was your last HIV test?", "question_text_de": null, "question_text_fr": null, "question_text_it": null, "question_text_es": null, "question_text_pt": null, "code": "HIVNEG-TEST", "format": "single choice", "label": "", "label_en": null, "label_de": null, "label_fr": null, "label_it": null, "label_es": null, "label_pt": null, "copy_paste": false, "order": 12, "validation": "", "section": 10, "do_not_show_directly": false, "optional_for_centers": false, "show_for_options": []}}, {"model": "sure.clientquestion", "pk": 62, "fields": {"question_text": "How do you protect yourself from HIV? (Multiple answers possible.)", "question_text_en": "How do you protect yourself from HIV? (Multiple answers possible.)", "question_text_de": null, "question_text_fr": null, "question_text_it": null, "question_text_es": null, "question_text_pt": null, "code": "HIVNEG-PROTECTION", "format": "multiple choice + open text field", "label": "", "label_en": null, "label_de": null, "label_fr": null, "label_it": null, "label_es": null, "label_pt": null, "copy_paste": false, "order": 13, "validation": "", "section": 10, "do_not_show_directly": false, "optional_for_centers": false, "show_for_options": []}}, {"model": "sure.clientquestion", "pk": 63, "fields": {"question_text": "Have you ever taken emergency treatment against HIV (HIV PEP) ?", "question_text_en": "Have you ever taken emergency treatment against HIV (HIV PEP) ?", "question_text_de": null, "question_text_fr": null, "question_text_it": null, "question_text_es": null, "question_text_pt": null, "code": "HIVNEG-PEP", "format": "single choice", "label": "", "label_en": null, "label_de": null, "label_fr": null, "label_it": null, "label_es": null, "label_pt": null, "copy_paste": true, "order": 14, "validation": "", "section": 10, "do_not_show_directly": false, "optional_for_centers": true, "show_for_options": []}}, {"model": "sure.clientquestion", "pk": 64, "fields": {"question_text": "How satisfied are you with your sex life overall?", "question_text_en": "How satisfied are you with your sex life overall?", "question_text_de": null, "question_text_fr": null, "question_text_it": null, "question_text_es": null, "question_text_pt": null, "code": "MENTALHEALTH-SEXLIFE", "format": "single choice", "label": "", "label_en": null, "label_de": null, "label_fr": null, "label_it": null, "label_es": null, "label_pt": null, "copy_paste": false, "order": 0, "validation": "", "section": 11, "do_not_show_directly": false, "optional_for_centers": false, "show_for_options": []}}, {"model": "sure.clientquestion", "pk": 65, "fields": {"question_text": "Have you ever experienced unwanted sexual contact that is affecting you today?", "question_text_en": "Have you ever experienced unwanted sexual contact that is affecting you today?", "question_text_de": null, "question_text_fr": null, "question_text_it": null, "question_text_es": null, "question_text_pt": null, "code": "MENTALHEALTH-VIOLENCE", "format": "single choice", "label": "", "label_en": null, "label_de": null, "label_fr": null, "label_it": null, "label_es": null, "label_pt": null, "copy_paste": false, "order": 1, "validation": "", "section": 11, "do_not_show_directly": false, "optional_for_centers": false, "show_for_options": []}}, {"model": "sure.clientquestion", "pk": 66, "fields": {"question_text": "Over the last 2 weeks, how often have you been bothered by feeling nervous, anxious or on edge?", "question_text_en": "Over the last 2 weeks, how often have you been bothered by feeling nervous, anxious or on edge?", "question_text_de": null, "question_text_fr": null, "question_text_it": null, "question_text_es": null, "question_text_pt": null, "code": "MENTALHEALTH-PHQ4-1", "format": "multiple choice", "label": "", "label_en": null, "label_de": null, "label_fr": null, "label_it": null, "label_es": null, "label_pt": null, "copy_paste": false, "order": 2, "validation": "", "section": 11, "do_not_show_directly": false, "optional_for_centers": false, "show_for_options": []}}, {"model": "sure.clientquestion", "pk": 67, "fields": {"question_text": "Over the last 2 weeks, how often have you been bothered by not being able to stop or control worrying?", "question_text_en": "Over the last 2 weeks, how often have you been bothered by not being able to stop or control worrying?", "question_text_de": null, "question_text_fr": null, "question_text_it": null, "question_text_es": null, "question_text_pt": null, "code": "MENTALHEALTH-PHQ4-2", "format": "multiple choice", "label": "", "label_en": null, "label_de": null, "label_fr": null, "label_it": null, "label_es": null, "label_pt": null, "copy_paste": false, "order": 3, "validation": "", "section": 11, "do_not_show_directly": false, "optional_for_centers": false, "show_for_options": []}}, {"model": "sure.clientquestion", "pk": 68, "fields": {"question_text": "Over the last 2 weeks, how often have you been bothered by little interest or pleasure in doing things?", "question_text_en": "Over the last 2 weeks, how often have you been bothered by little interest or pleasure in doing things?", "question_text_de": null, "question_text_fr": null, "question_text_it": null, "question_text_es": null, "question_text_pt": null, "code": "MENTALHEALTH-PHQ4-3", "format": "multiple choice", "label": "", "label_en": null, "label_de": null, "label_fr": null, "label_it": null, "label_es": null, "label_pt": null, "copy_paste": false, "order": 4, "validation": "", "section": 11, "do_not_show_directly": false, "optional_for_centers": false, "show_for_options": []}}, {"model": "sure.clientquestion", "pk": 69, "fields": {"question_text": "Over the last 2 weeks, how often have you been bothered by feeling down, depressed, or hopeless?", "question_text_en": "Over the last 2 weeks, how often have you been bothered by feeling down, depressed, or hopeless?", "question_text_de": null, "question_text_fr": null, "question_text_it": null, "question_text_es": null, "question_text_pt": null, "code": "MENTALHEALTH-PHQ4-4", "format": "multiple choice", "label": "", "label_en": null, "label_de": null, "label_fr": null, "label_it": null, "label_es": null, "label_pt": null, "copy_paste": false, "order": 5, "validation": "", "section": 11, "do_not_show_directly": false, "optional_for_centers": false, "show_for_options": []}}, {"model": "sure.clientquestion", "pk": 70, "fields": {"question_text": "Have you ever felt the need to cut down on your drinking or drug use?", "question_text_en": "Have you ever felt the need to cut down on your drinking or drug use?", "question_text_de": null, "question_text_fr": null, "question_text_it": null, "question_text_es": null, "question_text_pt": null, "code": "MENTALHEALTH-CAGEAID-1", "format": "single choice", "label": "", "label_en": null, "label_de": null, "label_fr": null, "label_it": null, "label_es": null, "label_pt": null, "copy_paste": false, "order": 0, "validation": "", "section": 12, "do_not_show_directly": false, "optional_for_centers": false, "show_for_options": []}}, {"model": "sure.clientquestion", "pk": 71, "fields": {"question_text": "Have people annoyed you by criticizing your drinking or drug use?", "question_text_en": "Have people annoyed you by criticizing your drinking or drug use?", "question_text_de": null, "question_text_fr": null, "question_text_it": null, "question_text_es": null, "question_text_pt": null, "code": "MENTALHEALTH-CAGEAID-2", "format": "single choice", "label": "", "label_en": null, "label_de": null, "label_fr": null, "label_it": null, "label_es": null, "label_pt": null, "copy_paste": false, "order": 1, "validation": "", "section": 12, "do_not_show_directly": false, "optional_for_centers": false, "show_for_options": []}}, {"model": "sure.clientquestion", "pk": 72, "fields": {"question_text": "Have you ever felt guilty about drinking or drug use?", "question_text_en": "Have you ever felt guilty about drinking or drug use?", "question_text_de": null, "question_text_fr": null, "question_text_it": null, "question_text_es": null, "question_text_pt": null, "code": "MENTALHEALTH-CAGEAID-3", "format": "single choice", "label": "", "label_en": null, "label_de": null, "label_fr": null, "label_it": null, "label_es": null, "label_pt": null, "copy_paste": false, "order": 2, "validation": "", "section": 12, "do_not_show_directly": false, "optional_for_centers": false, "show_for_options": []}}, {"model": "sure.clientquestion", "pk": 73, "fields": {"question_text": "Have you ever felt you needed a drink or used drugs first thing in the morning to steady your nerves or to get rid of a hangover?", "question_text_en": "Have you ever felt you needed a drink or used drugs first thing in the morning to steady your nerves or to get rid of a hangover?", "question_text_de": null, "question_text_fr": null, "question_text_it": null, "question_text_es": null, "question_text_pt": null, "code": "MENTALHEALTH-CAGEAID-4", "format": "single choice", "label": "", "label_en": null, "label_de": null, "label_fr": null, "label_it": null, "label_es": null, "label_pt": null, "copy_paste": false, "order": 3, "validation": "", "section": 12, "do_not_show_directly": false, "optional_for_centers": false, "show_for_options": []}}, {"model": "sure.clientquestion", "pk": 74, "fields": {"question_text": "Is there any topic or question you have for your consultation?", "question_text_en": "Is there any topic or question you have for your consultation?", "question_text_de": null, "question_text_fr": null, "question_text_it": null, "question_text_es": null, "question_text_pt": null, "code": "CONSULT-WISH", "format": "single choice + open text field", "label": "", "label_en": null, "label_de": null, "label_fr": null, "label_it": null, "label_es": null, "label_pt": null, "copy_paste": false, "order": 0, "validation": "", "section": 13, "do_not_show_directly": false, "optional_for_centers": false, "show_for_options": []}}, {"model": "sure.clientquestion", "pk": 75, "fields": {"question_text": "Text to follow from data protection specialist For the test results and future consultations, there are two ways we can identify you. In either case, your data is secure and access is strictly regulated:\n1. Mobile phone number & date of birth: You will receive a text message to access your test results. In your next consultation, your consultant will be able to access your previous information. You will also receive a test reminder via text message when it is appropriate. More information about our data use.\n2. Identification number (ID): You will receive a random ID. To receive your test results, you must contact us by telephone and provide this number or login on our plattform. If you loose this number, we will not be able to provide your results. In your next consultation, you will receive a new ID and no follow-up will be possible.", "question_text_en": "Text to follow from data protection specialist For the test results and future consultations, there are two ways we can identify you. In either case, your data is secure and access is strictly regulated:\n1. Mobile phone number & date of birth: You will receive a text message to access your test results. In your next consultation, your consultant will be able to access your previous information. You will also receive a test reminder via text message when it is appropriate. More information about our data use.\n2. Identification number (ID): You will receive a random ID. To receive your test results, you must contact us by telephone and provide this number or login on our plattform. If you loose this number, we will not be able to provide your results. In your next consultation, you will receive a new ID and no follow-up will be possible.", "question_text_de": null, "question_text_fr": null, "question_text_it": null, "question_text_es": null, "question_text_pt": null, "code": "DATASAVING", "format": "single choice + open text field", "label": "", "label_en": null, "label_de": null, "label_fr": null, "label_it": null, "label_es": null, "label_pt": null, "copy_paste": false, "order": 1, "validation": "", "section": 13, "do_not_show_directly": false, "optional_for_centers": false, "show_for_options": []}}, {"model": "sure.clientquestion", "pk": 76, "fields": {"question_text": "In which country were you born?", "question_text_en": "In which country were you born?", "question_text_de": "", "question_text_fr": "", "question_text_it": "", "question_text_es": "", "question_text_pt": "", "code": "SEDFACT-BIRTHCOUNTRY", "format": "single choice", "label": "", "label_en": null, "label_de": null, "label_fr": null, "label_it": null, "label_es": null, "label_pt": null, "copy_paste": false, "order": 2, "validation": "", "section": 9, "do_not_show_directly": true, "optional_for_centers": false, "show_for_options": []}}, {"model": "sure.clientoption", "pk": 185, "fields": {"text": "I'm doing a routine check-up.", "text_en": "I'm doing a routine check-up.", "text_de": null, "text_fr": null, "text_it": null, "text_es": null, "text_pt": null, "code": "1", "allow_text": false, "order": 0, "choices": "[]", "question": 39, "text_for_consultant": ""}}, {"model": "sure.clientoption", "pk": 186, "fields": {"text": "I'm in a new relationship.", "text_en": "I'm in a new relationship.", "text_de": null, "text_fr": null, "text_it": null, "text_es": null, "text_pt": null, "code": "2", "allow_text": false, "order": 1, "choices": "[]", "question": 39, "text_for_consultant": ""}}, {"model": "sure.clientoption", "pk": 187, "fields": {"text": "I had a risk situation in the last 48 hours.", "text_en": "I had a risk situation in the last 48 hours.", "text_de": null, "text_fr": null, "text_it": null, "text_es": null, "text_pt": null, "code": "3", "allow_text": false, "order": 2, "choices": "[]", "question": 39, "text_for_consultant": ""}}, {"model": "sure.clientoption", "pk": 188, "fields": {"text": "I had a risk situation more than 48 hours ago.", "text_en": "I had a risk situation more than 48 hours ago.", "text_de": null, "text_fr": null, "text_it": null, "text_es": null, "text_pt": null, "code": "4", "allow_text": false, "order": 3, "choices": "[]", "question": 39, "text_for_consultant": ""}}, {"model": "sure.clientoption", "pk": 189, "fields": {"text": "I have symptoms.", "text_en": "I have symptoms.", "text_de": null, "text_fr": null, "text_it": null, "text_es": null, "text_pt": null, "code": "5", "allow_text": false, "order": 4, "choices": "[]", "question": 39, "text_for_consultant": ""}}, {"model": "sure.clientoption", "pk": 190, "fields": {"text": "A partner informed me about a diagnosis.", "text_en": "A partner informed me about a diagnosis.", "text_de": null, "text_fr": null, "text_it": null, "text_es": null, "text_pt": null, "code": "6", "allow_text": false, "order": 5, "choices": "[]", "question": 39, "text_for_consultant": ""}}, {"model": "sure.clientoption", "pk": 191, "fields": {"text": "I have another reason (please specify):", "text_en": "I have another reason (please specify):", "text_de": null, "text_fr": null, "text_it": null, "text_es": null, "text_pt": null, "code": "97", "allow_text": true, "order": 6, "choices": "[]", "question": 39, "text_for_consultant": ""}}, {"model": "sure.clientoption", "pk": 192, "fields": {"text": "I don't want to say.", "text_en": "I don't want to say.", "text_de": null, "text_fr": null, "text_it": null, "text_es": null, "text_pt": null, "code": "99", "allow_text": false, "order": 7, "choices": "[]", "question": 39, "text_for_consultant": ""}}, {"model": "sure.clientoption", "pk": 193, "fields": {"text": "", "text_en": "", "text_de": null, "text_fr": null, "text_it": null, "text_es": null, "text_pt": null, "code": "1", "allow_text": true, "order": 0, "choices": "[]", "question": 40, "text_for_consultant": ""}}, {"model": "sure.clientoption", "pk": 194, "fields": {"text": "I don't want to say.", "text_en": "I don't want to say.", "text_de": null, "text_fr": null, "text_it": null, "text_es": null, "text_pt": null, "code": "99", "allow_text": false, "order": 2, "choices": "[]", "question": 40, "text_for_consultant": ""}}, {"model": "sure.clientoption", "pk": 195, "fields": {"text": "", "text_en": "", "text_de": null, "text_fr": null, "text_it": null, "text_es": null, "text_pt": null, "code": "1", "allow_text": true, "order": 0, "choices": "[]", "question": 41, "text_for_consultant": ""}}, {"model": "sure.clientoption", "pk": 196, "fields": {"text": "I live in a neighbouring country.", "text_en": "I live in a neighbouring country.", "text_de": null, "text_fr": null, "text_it": null, "text_es": null, "text_pt": null, "code": "2", "allow_text": false, "order": 1, "choices": "[]", "question": 41, "text_for_consultant": ""}}, {"model": "sure.clientoption", "pk": 197, "fields": {"text": "I am here as a tourist.", "text_en": "I am here as a tourist.", "text_de": null, "text_fr": null, "text_it": null, "text_es": null, "text_pt": null, "code": "3", "allow_text": false, "order": 2, "choices": "[]", "question": 41, "text_for_consultant": ""}}, {"model": "sure.clientoption", "pk": 198, "fields": {"text": "I don't want to say.", "text_en": "I don't want to say.", "text_de": null, "text_fr": null, "text_it": null, "text_es": null, "text_pt": null, "code": "99", "allow_text": false, "order": 3, "choices": "[]", "question": 41, "text_for_consultant": ""}}, {"model": "sure.clientoption", "pk": 199, "fields": {"text": "Swiss Citizenship", "text_en": "Swiss Citizenship", "text_de": null, "text_fr": null, "text_it": null, "text_es": null, "text_pt": null, "code": "1", "allow_text": false, "order": 0, "choices": "[]", "question": 42, "text_for_consultant": ""}}, {"model": "sure.clientoption", "pk": 200, "fields": {"text": "C or B permit", "text_en": "C or B permit", "text_de": null, "text_fr": null, "text_it": null, "text_es": null, "text_pt": null, "code": "2", "allow_text": false, "order": 1, "choices": "[]", "question": 42, "text_for_consultant": ""}}, {"model": "sure.clientoption", "pk": 201, "fields": {"text": "G permit", "text_en": "G permit", "text_de": null, "text_fr": null, "text_it": null, "text_es": null, "text_pt": null, "code": "3", "allow_text": false, "order": 2, "choices": "[]", "question": 42, "text_for_consultant": ""}}, {"model": "sure.clientoption", "pk": 202, "fields": {"text": "L permit", "text_en": "L permit", "text_de": null, "text_fr": null, "text_it": null, "text_es": null, "text_pt": null, "code": "4", "allow_text": false, "order": 3, "choices": "[]", "question": 42, "text_for_consultant": ""}}, {"model": "sure.clientoption", "pk": 203, "fields": {"text": "F, N or S permit", "text_en": "F, N or S permit", "text_de": null, "text_fr": null, "text_it": null, "text_es": null, "text_pt": null, "code": "5", "allow_text": false, "order": 4, "choices": "[]", "question": 42, "text_for_consultant": ""}}, {"model": "sure.clientoption", "pk": 204, "fields": {"text": "I have no residence permit.", "text_en": "I have no residence permit.", "text_de": null, "text_fr": null, "text_it": null, "text_es": null, "text_pt": null, "code": "6", "allow_text": false, "order": 5, "choices": "[]", "question": 42, "text_for_consultant": ""}}, {"model": "sure.clientoption", "pk": 205, "fields": {"text": "I am a tourist.", "text_en": "I am a tourist.", "text_de": null, "text_fr": null, "text_it": null, "text_es": null, "text_pt": null, "code": "7", "allow_text": false, "order": 6, "choices": "[]", "question": 42, "text_for_consultant": ""}}, {"model": "sure.clientoption", "pk": 206, "fields": {"text": "I'm not sure.", "text_en": "I'm not sure.", "text_de": null, "text_fr": null, "text_it": null, "text_es": null, "text_pt": null, "code": "97", "allow_text": false, "order": 7, "choices": "[]", "question": 42, "text_for_consultant": ""}}, {"model": "sure.clientoption", "pk": 207, "fields": {"text": "I don't want to say.", "text_en": "I don't want to say.", "text_de": null, "text_fr": null, "text_it": null, "text_es": null, "text_pt": null, "code": "99", "allow_text": false, "order": 8, "choices": "[]", "question": 42, "text_for_consultant": ""}}, {"model": "sure.clientoption", "pk": 208, "fields": {"text": "Compulsory primary education", "text_en": "Compulsory primary education", "text_de": null, "text_fr": null, "text_it": null, "text_es": null, "text_pt": null, "code": "1", "allow_text": false, "order": 0, "choices": "[]", "question": 43, "text_for_consultant": ""}}, {"model": "sure.clientoption", "pk": 209, "fields": {"text": "Secondary level (e.g. apprenticeship, grammar school)", "text_en": "Secondary level (e.g. apprenticeship, grammar school)", "text_de": null, "text_fr": null, "text_it": null, "text_es": null, "text_pt": null, "code": "2", "allow_text": false, "order": 1, "choices": "[]", "question": 43, "text_for_consultant": ""}}, {"model": "sure.clientoption", "pk": 210, "fields": {"text": "Tertiary level (bachelor's, master's, doctorate)", "text_en": "Tertiary level (bachelor's, master's, doctorate)", "text_de": null, "text_fr": null, "text_it": null, "text_es": null, "text_pt": null, "code": "3", "allow_text": false, "order": 2, "choices": "[]", "question": 43, "text_for_consultant": ""}}, {"model": "sure.clientoption", "pk": 211, "fields": {"text": "No formal education", "text_en": "No formal education", "text_de": null, "text_fr": null, "text_it": null, "text_es": null, "text_pt": null, "code": "4", "allow_text": false, "order": 3, "choices": "[]", "question": 43, "text_for_consultant": ""}}, {"model": "sure.clientoption", "pk": 212, "fields": {"text": "I don't want to say.", "text_en": "I don't want to say.", "text_de": null, "text_fr": null, "text_it": null, "text_es": null, "text_pt": null, "code": "99", "allow_text": false, "order": 4, "choices": "[]", "question": 43, "text_for_consultant": ""}}, {"model": "sure.clientoption", "pk": 213, "fields": {"text": "Employed full-time (>=80%)", "text_en": "Employed full-time (>=80%)", "text_de": null, "text_fr": null, "text_it": null, "text_es": null, "text_pt": null, "code": "1", "allow_text": false, "order": 0, "choices": "[]", "question": 44, "text_for_consultant": ""}}, {"model": "sure.clientoption", "pk": 214, "fields": {"text": "Employed part-time (<80%)", "text_en": "Employed part-time (<80%)", "text_de": null, "text_fr": null, "text_it": null, "text_es": null, "text_pt": null, "code": "2", "allow_text": false, "order": 1, "choices": "[]", "question": 44, "text_for_consultant": ""}}, {"model": "sure.clientoption", "pk": 215, "fields": {"text": "Self-employed", "text_en": "Self-employed", "text_de": null, "text_fr": null, "text_it": null, "text_es": null, "text_pt": null, "code": "3", "allow_text": false, "order": 2, "choices": "[]", "question": 44, "text_for_consultant": ""}}, {"model": "sure.clientoption", "pk": 216, "fields": {"text": "Unemployed (looking for work)", "text_en": "Unemployed (looking for work)", "text_de": null, "text_fr": null, "text_it": null, "text_es": null, "text_pt": null, "code": "4", "allow_text": false, "order": 3, "choices": "[]", "question": 44, "text_for_consultant": ""}}, {"model": "sure.clientoption", "pk": 217, "fields": {"text": "Student / in training", "text_en": "Student / in training", "text_de": null, "text_fr": null, "text_it": null, "text_es": null, "text_pt": null, "code": "5", "allow_text": false, "order": 4, "choices": "[]", "question": 44, "text_for_consultant": ""}}, {"model": "sure.clientoption", "pk": 218, "fields": {"text": "Retired (AHV, IV)", "text_en": "Retired (AHV, IV)", "text_de": null, "text_fr": null, "text_it": null, "text_es": null, "text_pt": null, "code": "6", "allow_text": false, "order": 5, "choices": "[]", "question": 44, "text_for_consultant": ""}}, {"model": "sure.clientoption", "pk": 219, "fields": {"text": "I don't want to say.", "text_en": "I don't want to say.", "text_de": null, "text_fr": null, "text_it": null, "text_es": null, "text_pt": null, "code": "99", "allow_text": false, "order": 6, "choices": "[]", "question": 44, "text_for_consultant": ""}}, {"model": "sure.clientoption", "pk": 220, "fields": {"text": "Yes.", "text_en": "Yes.", "text_de": null, "text_fr": null, "text_it": null, "text_es": null, "text_pt": null, "code": "1", "allow_text": false, "order": 0, "choices": "[]", "question": 45, "text_for_consultant": ""}}, {"model": "sure.clientoption", "pk": 221, "fields": {"text": "Yes, but with a foreign or international health insurance.", "text_en": "Yes, but with a foreign or international health insurance.", "text_de": null, "text_fr": null, "text_it": null, "text_es": null, "text_pt": null, "code": "2", "allow_text": false, "order": 1, "choices": "[]", "question": 45, "text_for_consultant": ""}}, {"model": "sure.clientoption", "pk": 222, "fields": {"text": "No.", "text_en": "No.", "text_de": null, "text_fr": null, "text_it": null, "text_es": null, "text_pt": null, "code": "3", "allow_text": false, "order": 2, "choices": "[]", "question": 45, "text_for_consultant": ""}}, {"model": "sure.clientoption", "pk": 223, "fields": {"text": "I'm not sure.", "text_en": "I'm not sure.", "text_de": null, "text_fr": null, "text_it": null, "text_es": null, "text_pt": null, "code": "97", "allow_text": false, "order": 3, "choices": "[]", "question": 45, "text_for_consultant": ""}}, {"model": "sure.clientoption", "pk": 224, "fields": {"text": "I don't want to say.", "text_en": "I don't want to say.", "text_de": null, "text_fr": null, "text_it": null, "text_es": null, "text_pt": null, "code": "99", "allow_text": false, "order": 4, "choices": "[]", "question": 45, "text_for_consultant": ""}}, {"model": "sure.clientoption", "pk": 225, "fields": {"text": "Man", "text_en": "Man", "text_de": null, "text_fr": null, "text_it": null, "text_es": null, "text_pt": null, "code": "1", "allow_text": false, "order": 0, "choices": "[]", "question": 46, "text_for_consultant": ""}}, {"model": "sure.clientoption", "pk": 226, "fields": {"text": "Woman", "text_en": "Woman", "text_de": null, "text_fr": null, "text_it": null, "text_es": null, "text_pt": null, "code": "2", "allow_text": false, "order": 1, "choices": "[]", "question": 46, "text_for_consultant": ""}}, {"model": "sure.clientoption", "pk": 227, "fields": {"text": "Non-binary / Genderqueer person", "text_en": "Non-binary / Genderqueer person", "text_de": null, "text_fr": null, "text_it": null, "text_es": null, "text_pt": null, "code": "3", "allow_text": false, "order": 2, "choices": "[]", "question": 46, "text_for_consultant": ""}}, {"model": "sure.clientoption", "pk": 228, "fields": {"text": "Other (please specify):", "text_en": "Other (please specify):", "text_de": null, "text_fr": null, "text_it": null, "text_es": null, "text_pt": null, "code": "4", "allow_text": true, "order": 3, "choices": "[]", "question": 46, "text_for_consultant": ""}}, {"model": "sure.clientoption", "pk": 229, "fields": {"text": "I'm not sure.", "text_en": "I'm not sure.", "text_de": null, "text_fr": null, "text_it": null, "text_es": null, "text_pt": null, "code": "97", "allow_text": false, "order": 4, "choices": "[]", "question": 46, "text_for_consultant": ""}}, {"model": "sure.clientoption", "pk": 230, "fields": {"text": "I don't want to say.", "text_en": "I don't want to say.", "text_de": null, "text_fr": null, "text_it": null, "text_es": null, "text_pt": null, "code": "99", "allow_text": false, "order": 5, "choices": "[]", "question": 46, "text_for_consultant": ""}}, {"model": "sure.clientoption", "pk": 231, "fields": {"text": "Male", "text_en": "Male", "text_de": null, "text_fr": null, "text_it": null, "text_es": null, "text_pt": null, "code": "1", "allow_text": false, "order": 0, "choices": "[]", "question": 47, "text_for_consultant": ""}}, {"model": "sure.clientoption", "pk": 232, "fields": {"text": "Female", "text_en": "Female", "text_de": null, "text_fr": null, "text_it": null, "text_es": null, "text_pt": null, "code": "2", "allow_text": false, "order": 1, "choices": "[]", "question": 47, "text_for_consultant": ""}}, {"model": "sure.clientoption", "pk": 233, "fields": {"text": "I'm not sure.", "text_en": "I'm not sure.", "text_de": null, "text_fr": null, "text_it": null, "text_es": null, "text_pt": null, "code": "97", "allow_text": false, "order": 2, "choices": "[]", "question": 47, "text_for_consultant": ""}}, {"model": "sure.clientoption", "pk": 234, "fields": {"text": "I don't want to say.", "text_en": "I don't want to say.", "text_de": null, "text_fr": null, "text_it": null, "text_es": null, "text_pt": null, "code": "99", "allow_text": false, "order": 3, "choices": "[]", "question": 47, "text_for_consultant": ""}}, {"model": "sure.clientoption", "pk": 235, "fields": {"text": "Straight / Heterosexual", "text_en": "Straight / Heterosexual", "text_de": null, "text_fr": null, "text_it": null, "text_es": null, "text_pt": null, "code": "1", "allow_text": false, "order": 0, "choices": "[]", "question": 48, "text_for_consultant": ""}}, {"model": "sure.clientoption", "pk": 236, "fields": {"text": "Gay / Lesbian / Homosexual", "text_en": "Gay / Lesbian / Homosexual", "text_de": null, "text_fr": null, "text_it": null, "text_es": null, "text_pt": null, "code": "2", "allow_text": false, "order": 1, "choices": "[]", "question": 48, "text_for_consultant": ""}}, {"model": "sure.clientoption", "pk": 237, "fields": {"text": "Bisexual / Pansexual", "text_en": "Bisexual / Pansexual", "text_de": null, "text_fr": null, "text_it": null, "text_es": null, "text_pt": null, "code": "3", "allow_text": false, "order": 2, "choices": "[]", "question": 48, "text_for_consultant": ""}}, {"model": "sure.clientoption", "pk": 238, "fields": {"text": "Demisexual / Asexual", "text_en": "Demisexual / Asexual", "text_de": null, "text_fr": null, "text_it": null, "text_es": null, "text_pt": null, "code": "4", "allow_text": false, "order": 3, "choices": "[]", "question": 48, "text_for_consultant": ""}}, {"model": "sure.clientoption", "pk": 239, "fields": {"text": "Queer", "text_en": "Queer", "text_de": null, "text_fr": null, "text_it": null, "text_es": null, "text_pt": null, "code": "5", "allow_text": false, "order": 4, "choices": "[]", "question": 48, "text_for_consultant": ""}}, {"model": "sure.clientoption", "pk": 240, "fields": {"text": "Other (please specify):", "text_en": "Other (please specify):", "text_de": null, "text_fr": null, "text_it": null, "text_es": null, "text_pt": null, "code": "6", "allow_text": true, "order": 5, "choices": "[]", "question": 48, "text_for_consultant": ""}}, {"model": "sure.clientoption", "pk": 241, "fields": {"text": "I'm not sure. / Questioning", "text_en": "I'm not sure. / Questioning", "text_de": null, "text_fr": null, "text_it": null, "text_es": null, "text_pt": null, "code": "97", "allow_text": false, "order": 6, "choices": "[]", "question": 48, "text_for_consultant": ""}}, {"model": "sure.clientoption", "pk": 242, "fields": {"text": "I don't want to say.", "text_en": "I don't want to say.", "text_de": null, "text_fr": null, "text_it": null, "text_es": null, "text_pt": null, "code": "99", "allow_text": false, "order": 7, "choices": "[]", "question": 48, "text_for_consultant": ""}}, {"model": "sure.clientoption", "pk": 243, "fields": {"text": "Cis men", "text_en": "Cis men", "text_de": null, "text_fr": null, "text_it": null, "text_es": null, "text_pt": null, "code": "1", "allow_text": false, "order": 0, "choices": "[]", "question": 49, "text_for_consultant": ""}}, {"model": "sure.clientoption", "pk": 244, "fields": {"text": "Trans men", "text_en": "Trans men", "text_de": null, "text_fr": null, "text_it": null, "text_es": null, "text_pt": null, "code": "2", "allow_text": false, "order": 1, "choices": "[]", "question": 49, "text_for_consultant": ""}}, {"model": "sure.clientoption", "pk": 245, "fields": {"text": "Cis women", "text_en": "Cis women", "text_de": null, "text_fr": null, "text_it": null, "text_es": null, "text_pt": null, "code": "3", "allow_text": false, "order": 2, "choices": "[]", "question": 49, "text_for_consultant": ""}}, {"model": "sure.clientoption", "pk": 246, "fields": {"text": "Trans women", "text_en": "Trans women", "text_de": null, "text_fr": null, "text_it": null, "text_es": null, "text_pt": null, "code": "4", "allow_text": false, "order": 3, "choices": "[]", "question": 49, "text_for_consultant": ""}}, {"model": "sure.clientoption", "pk": 247, "fields": {"text": "Non-binary / Genderqueer people", "text_en": "Non-binary / Genderqueer people", "text_de": null, "text_fr": null, "text_it": null, "text_es": null, "text_pt": null, "code": "5", "allow_text": false, "order": 4, "choices": "[]", "question": 49, "text_for_consultant": ""}}, {"model": "sure.clientoption", "pk": 248, "fields": {"text": "I'm not sure.", "text_en": "I'm not sure.", "text_de": null, "text_fr": null, "text_it": null, "text_es": null, "text_pt": null, "code": "97", "allow_text": false, "order": 5, "choices": "[]", "question": 49, "text_for_consultant": ""}}, {"model": "sure.clientoption", "pk": 249, "fields": {"text": "I don't want to say.", "text_en": "I don't want to say.", "text_de": null, "text_fr": null, "text_it": null, "text_es": null, "text_pt": null, "code": "99", "allow_text": false, "order": 6, "choices": "[]", "question": 49, "text_for_consultant": ""}}, {"model": "sure.clientoption", "pk": 250, "fields": {"text": "Vaginal sex", "text_en": "Vaginal sex", "text_de": null, "text_fr": null, "text_it": null, "text_es": null, "text_pt": null, "code": "1", "allow_text": false, "order": 0, "choices": "[]", "question": 50, "text_for_consultant": ""}}, {"model": "sure.clientoption", "pk": 251, "fields": {"text": "Anal sex", "text_en": "Anal sex", "text_de": null, "text_fr": null, "text_it": null, "text_es": null, "text_pt": null, "code": "2", "allow_text": false, "order": 1, "choices": "[]", "question": 50, "text_for_consultant": ""}}, {"model": "sure.clientoption", "pk": 252, "fields": {"text": "Oral sex", "text_en": "Oral sex", "text_de": null, "text_fr": null, "text_it": null, "text_es": null, "text_pt": null, "code": "3", "allow_text": false, "order": 2, "choices": "[]", "question": 50, "text_for_consultant": ""}}, {"model": "sure.clientoption", "pk": 253, "fields": {"text": "Other (please specify):", "text_en": "Other (please specify):", "text_de": null, "text_fr": null, "text_it": null, "text_es": null, "text_pt": null, "code": "97", "allow_text": true, "order": 3, "choices": "[]", "question": 50, "text_for_consultant": ""}}, {"model": "sure.clientoption", "pk": 254, "fields": {"text": "I don't want to say.", "text_en": "I don't want to say.", "text_de": null, "text_fr": null, "text_it": null, "text_es": null, "text_pt": null, "code": "99", "allow_text": false, "order": 4, "choices": "[]", "question": 50, "text_for_consultant": ""}}, {"model": "sure.clientoption", "pk": 255, "fields": {"text": "0-1", "text_en": "0-1", "text_de": null, "text_fr": null, "text_it": null, "text_es": null, "text_pt": null, "code": "1", "allow_text": false, "order": 0, "choices": "[]", "question": 51, "text_for_consultant": ""}}, {"model": "sure.clientoption", "pk": 256, "fields": {"text": "2-5", "text_en": "2-5", "text_de": null, "text_fr": null, "text_it": null, "text_es": null, "text_pt": null, "code": "2", "allow_text": false, "order": 1, "choices": "[]", "question": 51, "text_for_consultant": ""}}, {"model": "sure.clientoption", "pk": 257, "fields": {"text": "6-11", "text_en": "6-11", "text_de": null, "text_fr": null, "text_it": null, "text_es": null, "text_pt": null, "code": "3", "allow_text": false, "order": 2, "choices": "[]", "question": 51, "text_for_consultant": ""}}, {"model": "sure.clientoption", "pk": 258, "fields": {"text": "12 or more", "text_en": "12 or more", "text_de": null, "text_fr": null, "text_it": null, "text_es": null, "text_pt": null, "code": "4", "allow_text": false, "order": 3, "choices": "[]", "question": 51, "text_for_consultant": ""}}, {"model": "sure.clientoption", "pk": 259, "fields": {"text": "I'm not sure.", "text_en": "I'm not sure.", "text_de": null, "text_fr": null, "text_it": null, "text_es": null, "text_pt": null, "code": "97", "allow_text": false, "order": 4, "choices": "[]", "question": 51, "text_for_consultant": ""}}, {"model": "sure.clientoption", "pk": 260, "fields": {"text": "I don't want to say.", "text_en": "I don't want to say.", "text_de": null, "text_fr": null, "text_it": null, "text_es": null, "text_pt": null, "code": "99", "allow_text": false, "order": 5, "choices": "[]", "question": 51, "text_for_consultant": ""}}, {"model": "sure.clientoption", "pk": 261, "fields": {"text": "Yes, in the past 12 months.", "text_en": "Yes, in the past 12 months.", "text_de": null, "text_fr": null, "text_it": null, "text_es": null, "text_pt": null, "code": "1", "allow_text": false, "order": 0, "choices": "[]", "question": 52, "text_for_consultant": ""}}, {"model": "sure.clientoption", "pk": 262, "fields": {"text": "Yes, over a year ago.", "text_en": "Yes, over a year ago.", "text_de": null, "text_fr": null, "text_it": null, "text_es": null, "text_pt": null, "code": "2", "allow_text": false, "order": 1, "choices": "[]", "question": 52, "text_for_consultant": ""}}, {"model": "sure.clientoption", "pk": 263, "fields": {"text": "No, never.", "text_en": "No, never.", "text_de": null, "text_fr": null, "text_it": null, "text_es": null, "text_pt": null, "code": "3", "allow_text": false, "order": 2, "choices": "[]", "question": 52, "text_for_consultant": ""}}, {"model": "sure.clientoption", "pk": 264, "fields": {"text": "I'm not sure.", "text_en": "I'm not sure.", "text_de": null, "text_fr": null, "text_it": null, "text_es": null, "text_pt": null, "code": "97", "allow_text": false, "order": 3, "choices": "[]", "question": 52, "text_for_consultant": ""}}, {"model": "sure.clientoption", "pk": 265, "fields": {"text": "I don't want to say.", "text_en": "I don't want to say.", "text_de": null, "text_fr": null, "text_it": null, "text_es": null, "text_pt": null, "code": "99", "allow_text": false, "order": 4, "choices": "[]", "question": 52, "text_for_consultant": ""}}, {"model": "sure.clientoption", "pk": 266, "fields": {"text": "Yes, in the past 12 months.", "text_en": "Yes, in the past 12 months.", "text_de": null, "text_fr": null, "text_it": null, "text_es": null, "text_pt": null, "code": "1", "allow_text": false, "order": 0, "choices": "[]", "question": 53, "text_for_consultant": ""}}, {"model": "sure.clientoption", "pk": 267, "fields": {"text": "Yes, over a year ago.", "text_en": "Yes, over a year ago.", "text_de": null, "text_fr": null, "text_it": null, "text_es": null, "text_pt": null, "code": "2", "allow_text": false, "order": 1, "choices": "[]", "question": 53, "text_for_consultant": ""}}, {"model": "sure.clientoption", "pk": 268, "fields": {"text": "No, never.", "text_en": "No, never.", "text_de": null, "text_fr": null, "text_it": null, "text_es": null, "text_pt": null, "code": "3", "allow_text": false, "order": 2, "choices": "[]", "question": 53, "text_for_consultant": ""}}, {"model": "sure.clientoption", "pk": 269, "fields": {"text": "I'm not sure.", "text_en": "I'm not sure.", "text_de": null, "text_fr": null, "text_it": null, "text_es": null, "text_pt": null, "code": "97", "allow_text": false, "order": 3, "choices": "[]", "question": 53, "text_for_consultant": ""}}, {"model": "sure.clientoption", "pk": 270, "fields": {"text": "I don't want to say.", "text_en": "I don't want to say.", "text_de": null, "text_fr": null, "text_it": null, "text_es": null, "text_pt": null, "code": "99", "allow_text": false, "order": 4, "choices": "[]", "question": 53, "text_for_consultant": ""}}, {"model": "sure.clientoption", "pk": 271, "fields": {"text": "Kit for penis", "text_en": "Kit for penis", "text_de": null, "text_fr": null, "text_it": null, "text_es": null, "text_pt": null, "code": "1", "allow_text": false, "order": 0, "choices": "[]", "question": 54, "text_for_consultant": ""}}, {"model": "sure.clientoption", "pk": 272, "fields": {"text": "Kit for vagina", "text_en": "Kit for vagina", "text_de": null, "text_fr": null, "text_it": null, "text_es": null, "text_pt": null, "code": "2", "allow_text": false, "order": 2, "choices": "[]", "question": 54, "text_for_consultant": ""}}, {"model": "sure.clientoption", "pk": 273, "fields": {"text": "I'm not sure.", "text_en": "I'm not sure.", "text_de": null, "text_fr": null, "text_it": null, "text_es": null, "text_pt": null, "code": "97", "allow_text": false, "order": 4, "choices": "[]", "question": 54, "text_for_consultant": ""}}, {"model": "sure.clientoption", "pk": 274, "fields": {"text": "I don't want to say.", "text_en": "I don't want to say.", "text_de": null, "text_fr": null, "text_it": null, "text_es": null, "text_pt": null, "code": "99", "allow_text": false, "order": 6, "choices": "[]", "question": 54, "text_for_consultant": ""}}, {"model": "sure.clientoption", "pk": 275, "fields": {"text": "Yes", "text_en": "Yes", "text_de": null, "text_fr": null, "text_it": null, "text_es": null, "text_pt": null, "code": "1", "allow_text": false, "order": 0, "choices": "[]", "question": 55, "text_for_consultant": ""}}, {"model": "sure.clientoption", "pk": 276, "fields": {"text": "No", "text_en": "No", "text_de": null, "text_fr": null, "text_it": null, "text_es": null, "text_pt": null, "code": "0", "allow_text": false, "order": 1, "choices": "[]", "question": 55, "text_for_consultant": ""}}, {"model": "sure.clientoption", "pk": 277, "fields": {"text": "I'm not sure.", "text_en": "I'm not sure.", "text_de": null, "text_fr": null, "text_it": null, "text_es": null, "text_pt": null, "code": "97", "allow_text": false, "order": 2, "choices": "[]", "question": 55, "text_for_consultant": ""}}, {"model": "sure.clientoption", "pk": 278, "fields": {"text": "I don't want to say.", "text_en": "I don't want to say.", "text_de": null, "text_fr": null, "text_it": null, "text_es": null, "text_pt": null, "code": "99", "allow_text": false, "order": 3, "choices": "[]", "question": 55, "text_for_consultant": ""}}, {"model": "sure.clientoption", "pk": 279, "fields": {"text": "Antibiotics (e.g. penicillin, doxycycline)", "text_en": "Antibiotics (e.g. penicillin, doxycycline)", "text_de": null, "text_fr": null, "text_it": null, "text_es": null, "text_pt": null, "code": "1", "allow_text": false, "order": 0, "choices": "[]", "question": 56, "text_for_consultant": ""}}, {"model": "sure.clientoption", "pk": 280, "fields": {"text": "Antivirals (e.g. PrEP-pills)", "text_en": "Antivirals (e.g. PrEP-pills)", "text_de": null, "text_fr": null, "text_it": null, "text_es": null, "text_pt": null, "code": "2", "allow_text": false, "order": 1, "choices": "[]", "question": 56, "text_for_consultant": ""}}, {"model": "sure.clientoption", "pk": 281, "fields": {"text": "No.", "text_en": "No.", "text_de": null, "text_fr": null, "text_it": null, "text_es": null, "text_pt": null, "code": "3", "allow_text": false, "order": 2, "choices": "[]", "question": 56, "text_for_consultant": ""}}, {"model": "sure.clientoption", "pk": 282, "fields": {"text": "I'm not sure.", "text_en": "I'm not sure.", "text_de": null, "text_fr": null, "text_it": null, "text_es": null, "text_pt": null, "code": "97", "allow_text": false, "order": 3, "choices": "[]", "question": 56, "text_for_consultant": ""}}, {"model": "sure.clientoption", "pk": 283, "fields": {"text": "I don't want to say.", "text_en": "I don't want to say.", "text_de": null, "text_fr": null, "text_it": null, "text_es": null, "text_pt": null, "code": "99", "allow_text": false, "order": 4, "choices": "[]", "question": 56, "text_for_consultant": ""}}, {"model": "sure.clientoption", "pk": 284, "fields": {"text": "Snorted.", "text_en": "Snorted.", "text_de": null, "text_fr": null, "text_it": null, "text_es": null, "text_pt": null, "code": "1", "allow_text": false, "order": 0, "choices": "[]", "question": 57, "text_for_consultant": ""}}, {"model": "sure.clientoption", "pk": 285, "fields": {"text": "Injected.", "text_en": "Injected.", "text_de": null, "text_fr": null, "text_it": null, "text_es": null, "text_pt": null, "code": "2", "allow_text": false, "order": 1, "choices": "[]", "question": 57, "text_for_consultant": ""}}, {"model": "sure.clientoption", "pk": 286, "fields": {"text": "Snorted and injected.", "text_en": "Snorted and injected.", "text_de": null, "text_fr": null, "text_it": null, "text_es": null, "text_pt": null, "code": "3", "allow_text": false, "order": 2, "choices": "[]", "question": 57, "text_for_consultant": ""}}, {"model": "sure.clientoption", "pk": 287, "fields": {"text": "No.", "text_en": "No.", "text_de": null, "text_fr": null, "text_it": null, "text_es": null, "text_pt": null, "code": "4", "allow_text": false, "order": 3, "choices": "[]", "question": 57, "text_for_consultant": ""}}, {"model": "sure.clientoption", "pk": 288, "fields": {"text": "I'm not sure.", "text_en": "I'm not sure.", "text_de": null, "text_fr": null, "text_it": null, "text_es": null, "text_pt": null, "code": "97", "allow_text": false, "order": 4, "choices": "[]", "question": 57, "text_for_consultant": ""}}, {"model": "sure.clientoption", "pk": 289, "fields": {"text": "I don't want to say.", "text_en": "I don't want to say.", "text_de": null, "text_fr": null, "text_it": null, "text_es": null, "text_pt": null, "code": "99", "allow_text": false, "order": 5, "choices": "[]", "question": 57, "text_for_consultant": ""}}, {"model": "sure.clientoption", "pk": 290, "fields": {"text": "Yes", "text_en": "Yes", "text_de": null, "text_fr": null, "text_it": null, "text_es": null, "text_pt": null, "code": "1", "allow_text": false, "order": 0, "choices": "[]", "question": 58, "text_for_consultant": ""}}, {"model": "sure.clientoption", "pk": 291, "fields": {"text": "No", "text_en": "No", "text_de": null, "text_fr": null, "text_it": null, "text_es": null, "text_pt": null, "code": "0", "allow_text": false, "order": 1, "choices": "[]", "question": 58, "text_for_consultant": ""}}, {"model": "sure.clientoption", "pk": 292, "fields": {"text": "I'm not sure.", "text_en": "I'm not sure.", "text_de": null, "text_fr": null, "text_it": null, "text_es": null, "text_pt": null, "code": "97", "allow_text": false, "order": 2, "choices": "[]", "question": 58, "text_for_consultant": ""}}, {"model": "sure.clientoption", "pk": 293, "fields": {"text": "I don't want to say.", "text_en": "I don't want to say.", "text_de": null, "text_fr": null, "text_it": null, "text_es": null, "text_pt": null, "code": "99", "allow_text": false, "order": 3, "choices": "[]", "question": 58, "text_for_consultant": ""}}, {"model": "sure.clientoption", "pk": 294, "fields": {"text": "Yes", "text_en": "Yes", "text_de": null, "text_fr": null, "text_it": null, "text_es": null, "text_pt": null, "code": "1", "allow_text": false, "order": 0, "choices": "[]", "question": 59, "text_for_consultant": ""}}, {"model": "sure.clientoption", "pk": 295, "fields": {"text": "No", "text_en": "No", "text_de": null, "text_fr": null, "text_it": null, "text_es": null, "text_pt": null, "code": "0", "allow_text": false, "order": 1, "choices": "[]", "question": 59, "text_for_consultant": ""}}, {"model": "sure.clientoption", "pk": 296, "fields": {"text": "I'm not sure.", "text_en": "I'm not sure.", "text_de": null, "text_fr": null, "text_it": null, "text_es": null, "text_pt": null, "code": "97", "allow_text": false, "order": 2, "choices": "[]", "question": 59, "text_for_consultant": ""}}, {"model": "sure.clientoption", "pk": 297, "fields": {"text": "I don't want to say.", "text_en": "I don't want to say.", "text_de": null, "text_fr": null, "text_it": null, "text_es": null, "text_pt": null, "code": "99", "allow_text": false, "order": 3, "choices": "[]", "question": 59, "text_for_consultant": ""}}, {"model": "sure.clientoption", "pk": 298, "fields": {"text": "Yes (please specify):", "text_en": "Yes (please specify):", "text_de": null, "text_fr": null, "text_it": null, "text_es": null, "text_pt": null, "code": "1", "allow_text": true, "order": 0, "choices": "[]", "question": 60, "text_for_consultant": ""}}, {"model": "sure.clientoption", "pk": 299, "fields": {"text": "No", "text_en": "No", "text_de": null, "text_fr": null, "text_it": null, "text_es": null, "text_pt": null, "code": "0", "allow_text": false, "order": 1, "choices": "[]", "question": 60, "text_for_consultant": ""}}, {"model": "sure.clientoption", "pk": 300, "fields": {"text": "I don't want to say.", "text_en": "I don't want to say.", "text_de": null, "text_fr": null, "text_it": null, "text_es": null, "text_pt": null, "code": "99", "allow_text": false, "order": 2, "choices": "[]", "question": 60, "text_for_consultant": ""}}, {"model": "sure.clientoption", "pk": 301, "fields": {"text": "I have never taken a test.", "text_en": "I have never taken a test.", "text_de": null, "text_fr": null, "text_it": null, "text_es": null, "text_pt": null, "code": "1", "allow_text": false, "order": 0, "choices": "[]", "question": 61, "text_for_consultant": ""}}, {"model": "sure.clientoption", "pk": 302, "fields": {"text": "Within the last 3 months", "text_en": "Within the last 3 months", "text_de": null, "text_fr": null, "text_it": null, "text_es": null, "text_pt": null, "code": "2", "allow_text": false, "order": 1, "choices": "[]", "question": 61, "text_for_consultant": ""}}, {"model": "sure.clientoption", "pk": 303, "fields": {"text": "Within the last 12 months", "text_en": "Within the last 12 months", "text_de": null, "text_fr": null, "text_it": null, "text_es": null, "text_pt": null, "code": "3", "allow_text": false, "order": 2, "choices": "[]", "question": 61, "text_for_consultant": ""}}, {"model": "sure.clientoption", "pk": 304, "fields": {"text": "Within the last 5 years", "text_en": "Within the last 5 years", "text_de": null, "text_fr": null, "text_it": null, "text_es": null, "text_pt": null, "code": "4", "allow_text": false, "order": 3, "choices": "[]", "question": 61, "text_for_consultant": ""}}, {"model": "sure.clientoption", "pk": 305, "fields": {"text": "More than 5 years ago", "text_en": "More than 5 years ago", "text_de": null, "text_fr": null, "text_it": null, "text_es": null, "text_pt": null, "code": "5", "allow_text": false, "order": 4, "choices": "[]", "question": 61, "text_for_consultant": ""}}, {"model": "sure.clientoption", "pk": 306, "fields": {"text": "I'm not sure.", "text_en": "I'm not sure.", "text_de": null, "text_fr": null, "text_it": null, "text_es": null, "text_pt": null, "code": "97", "allow_text": false, "order": 5, "choices": "[]", "question": 61, "text_for_consultant": ""}}, {"model": "sure.clientoption", "pk": 307, "fields": {"text": "I don't want to say.", "text_en": "I don't want to say.", "text_de": null, "text_fr": null, "text_it": null, "text_es": null, "text_pt": null, "code": "99", "allow_text": false, "order": 6, "choices": "[]", "question": 61, "text_for_consultant": ""}}, {"model": "sure.clientoption", "pk": 308, "fields": {"text": "Condom", "text_en": "Condom", "text_de": null, "text_fr": null, "text_it": null, "text_es": null, "text_pt": null, "code": "1", "allow_text": false, "order": 0, "choices": "[]", "question": 62, "text_for_consultant": ""}}, {"model": "sure.clientoption", "pk": 309, "fields": {"text": "HIV PrEP", "text_en": "HIV PrEP", "text_de": null, "text_fr": null, "text_it": null, "text_es": null, "text_pt": null, "code": "2", "allow_text": false, "order": 1, "choices": "[]", "question": 62, "text_for_consultant": ""}}, {"model": "sure.clientoption", "pk": 310, "fields": {"text": "I don't have penetrative sex (anal / vaginal).", "text_en": "I don't have penetrative sex (anal / vaginal).", "text_de": null, "text_fr": null, "text_it": null, "text_es": null, "text_pt": null, "code": "3", "allow_text": false, "order": 2, "choices": "[]", "question": 62, "text_for_consultant": ""}}, {"model": "sure.clientoption", "pk": 311, "fields": {"text": "My partner is undetectable.", "text_en": "My partner is undetectable.", "text_de": null, "text_fr": null, "text_it": null, "text_es": null, "text_pt": null, "code": "4", "allow_text": false, "order": 3, "choices": "[]", "question": 62, "text_for_consultant": ""}}, {"model": "sure.clientoption", "pk": 312, "fields": {"text": "I don't use protection.", "text_en": "I don't use protection.", "text_de": null, "text_fr": null, "text_it": null, "text_es": null, "text_pt": null, "code": "5", "allow_text": false, "order": 4, "choices": "[]", "question": 62, "text_for_consultant": ""}}, {"model": "sure.clientoption", "pk": 313, "fields": {"text": "I'm not sure.", "text_en": "I'm not sure.", "text_de": null, "text_fr": null, "text_it": null, "text_es": null, "text_pt": null, "code": "97", "allow_text": false, "order": 5, "choices": "[]", "question": 62, "text_for_consultant": ""}}, {"model": "sure.clientoption", "pk": 314, "fields": {"text": "I don't want to say.", "text_en": "I don't want to say.", "text_de": null, "text_fr": null, "text_it": null, "text_es": null, "text_pt": null, "code": "99", "allow_text": false, "order": 6, "choices": "[]", "question": 62, "text_for_consultant": ""}}, {"model": "sure.clientoption", "pk": 315, "fields": {"text": "Yes", "text_en": "Yes", "text_de": null, "text_fr": null, "text_it": null, "text_es": null, "text_pt": null, "code": "1", "allow_text": false, "order": 0, "choices": "[]", "question": 63, "text_for_consultant": ""}}, {"model": "sure.clientoption", "pk": 316, "fields": {"text": "No", "text_en": "No", "text_de": null, "text_fr": null, "text_it": null, "text_es": null, "text_pt": null, "code": "0", "allow_text": false, "order": 1, "choices": "[]", "question": 63, "text_for_consultant": ""}}, {"model": "sure.clientoption", "pk": 317, "fields": {"text": "I'm not sure.", "text_en": "I'm not sure.", "text_de": null, "text_fr": null, "text_it": null, "text_es": null, "text_pt": null, "code": "97", "allow_text": false, "order": 2, "choices": "[]", "question": 63, "text_for_consultant": ""}}, {"model": "sure.clientoption", "pk": 318, "fields": {"text": "I don't want to say.", "text_en": "I don't want to say.", "text_de": null, "text_fr": null, "text_it": null, "text_es": null, "text_pt": null, "code": "99", "allow_text": false, "order": 3, "choices": "[]", "question": 63, "text_for_consultant": ""}}, {"model": "sure.clientoption", "pk": 319, "fields": {"text": "Very dissatisfied", "text_en": "Very dissatisfied", "text_de": null, "text_fr": null, "text_it": null, "text_es": null, "text_pt": null, "code": "1", "allow_text": false, "order": 0, "choices": "[]", "question": 64, "text_for_consultant": ""}}, {"model": "sure.clientoption", "pk": 320, "fields": {"text": "Dissatisfied", "text_en": "Dissatisfied", "text_de": null, "text_fr": null, "text_it": null, "text_es": null, "text_pt": null, "code": "2", "allow_text": false, "order": 1, "choices": "[]", "question": 64, "text_for_consultant": ""}}, {"model": "sure.clientoption", "pk": 321, "fields": {"text": "Neutral", "text_en": "Neutral", "text_de": null, "text_fr": null, "text_it": null, "text_es": null, "text_pt": null, "code": "3", "allow_text": false, "order": 2, "choices": "[]", "question": 64, "text_for_consultant": ""}}, {"model": "sure.clientoption", "pk": 322, "fields": {"text": "Satisfied", "text_en": "Satisfied", "text_de": null, "text_fr": null, "text_it": null, "text_es": null, "text_pt": null, "code": "4", "allow_text": false, "order": 3, "choices": "[]", "question": 64, "text_for_consultant": ""}}, {"model": "sure.clientoption", "pk": 323, "fields": {"text": "Very satisfied", "text_en": "Very satisfied", "text_de": null, "text_fr": null, "text_it": null, "text_es": null, "text_pt": null, "code": "5", "allow_text": false, "order": 4, "choices": "[]", "question": 64, "text_for_consultant": ""}}, {"model": "sure.clientoption", "pk": 324, "fields": {"text": "I'm not sure.", "text_en": "I'm not sure.", "text_de": null, "text_fr": null, "text_it": null, "text_es": null, "text_pt": null, "code": "97", "allow_text": false, "order": 5, "choices": "[]", "question": 64, "text_for_consultant": ""}}, {"model": "sure.clientoption", "pk": 325, "fields": {"text": "I don't want to say.", "text_en": "I don't want to say.", "text_de": null, "text_fr": null, "text_it": null, "text_es": null, "text_pt": null, "code": "99", "allow_text": false, "order": 6, "choices": "[]", "question": 64, "text_for_consultant": ""}}, {"model": "sure.clientoption", "pk": 326, "fields": {"text": "Yes", "text_en": "Yes", "text_de": null, "text_fr": null, "text_it": null, "text_es": null, "text_pt": null, "code": "1", "allow_text": false, "order": 0, "choices": "[]", "question": 65, "text_for_consultant": ""}}, {"model": "sure.clientoption", "pk": 327, "fields": {"text": "No", "text_en": "No", "text_de": null, "text_fr": null, "text_it": null, "text_es": null, "text_pt": null, "code": "0", "allow_text": false, "order": 1, "choices": "[]", "question": 65, "text_for_consultant": ""}}, {"model": "sure.clientoption", "pk": 328, "fields": {"text": "I'm not sure.", "text_en": "I'm not sure.", "text_de": null, "text_fr": null, "text_it": null, "text_es": null, "text_pt": null, "code": "97", "allow_text": false, "order": 2, "choices": "[]", "question": 65, "text_for_consultant": ""}}, {"model": "sure.clientoption", "pk": 329, "fields": {"text": "I don't want to say.", "text_en": "I don't want to say.", "text_de": null, "text_fr": null, "text_it": null, "text_es": null, "text_pt": null, "code": "99", "allow_text": false, "order": 3, "choices": "[]", "question": 65, "text_for_consultant": ""}}, {"model": "sure.clientoption", "pk": 330, "fields": {"text": "Not at all", "text_en": "Not at all", "text_de": null, "text_fr": null, "text_it": null, "text_es": null, "text_pt": null, "code": "1", "allow_text": false, "order": 0, "choices": "[]", "question": 66, "text_for_consultant": ""}}, {"model": "sure.clientoption", "pk": 331, "fields": {"text": "Several days", "text_en": "Several days", "text_de": null, "text_fr": null, "text_it": null, "text_es": null, "text_pt": null, "code": "2", "allow_text": false, "order": 1, "choices": "[]", "question": 66, "text_for_consultant": ""}}, {"model": "sure.clientoption", "pk": 332, "fields": {"text": "More than half the days", "text_en": "More than half the days", "text_de": null, "text_fr": null, "text_it": null, "text_es": null, "text_pt": null, "code": "3", "allow_text": false, "order": 2, "choices": "[]", "question": 66, "text_for_consultant": ""}}, {"model": "sure.clientoption", "pk": 333, "fields": {"text": "Nearly every day", "text_en": "Nearly every day", "text_de": null, "text_fr": null, "text_it": null, "text_es": null, "text_pt": null, "code": "4", "allow_text": false, "order": 3, "choices": "[]", "question": 66, "text_for_consultant": ""}}, {"model": "sure.clientoption", "pk": 334, "fields": {"text": "I don't want to say.", "text_en": "I don't want to say.", "text_de": null, "text_fr": null, "text_it": null, "text_es": null, "text_pt": null, "code": "99", "allow_text": false, "order": 4, "choices": "[]", "question": 66, "text_for_consultant": ""}}, {"model": "sure.clientoption", "pk": 335, "fields": {"text": "Not at all", "text_en": "Not at all", "text_de": null, "text_fr": null, "text_it": null, "text_es": null, "text_pt": null, "code": "1", "allow_text": false, "order": 0, "choices": "[]", "question": 67, "text_for_consultant": ""}}, {"model": "sure.clientoption", "pk": 336, "fields": {"text": "Several days", "text_en": "Several days", "text_de": null, "text_fr": null, "text_it": null, "text_es": null, "text_pt": null, "code": "2", "allow_text": false, "order": 1, "choices": "[]", "question": 67, "text_for_consultant": ""}}, {"model": "sure.clientoption", "pk": 337, "fields": {"text": "More than half the days", "text_en": "More than half the days", "text_de": null, "text_fr": null, "text_it": null, "text_es": null, "text_pt": null, "code": "3", "allow_text": false, "order": 2, "choices": "[]", "question": 67, "text_for_consultant": ""}}, {"model": "sure.clientoption", "pk": 338, "fields": {"text": "Nearly every day", "text_en": "Nearly every day", "text_de": null, "text_fr": null, "text_it": null, "text_es": null, "text_pt": null, "code": "4", "allow_text": false, "order": 3, "choices": "[]", "question": 67, "text_for_consultant": ""}}, {"model": "sure.clientoption", "pk": 339, "fields": {"text": "I don't want to say.", "text_en": "I don't want to say.", "text_de": null, "text_fr": null, "text_it": null, "text_es": null, "text_pt": null, "code": "99", "allow_text": false, "order": 4, "choices": "[]", "question": 67, "text_for_consultant": ""}}, {"model": "sure.clientoption", "pk": 340, "fields": {"text": "Not at all", "text_en": "Not at all", "text_de": null, "text_fr": null, "text_it": null, "text_es": null, "text_pt": null, "code": "1", "allow_text": false, "order": 0, "choices": "[]", "question": 68, "text_for_consultant": ""}}, {"model": "sure.clientoption", "pk": 341, "fields": {"text": "Several days", "text_en": "Several days", "text_de": null, "text_fr": null, "text_it": null, "text_es": null, "text_pt": null, "code": "2", "allow_text": false, "order": 1, "choices": "[]", "question": 68, "text_for_consultant": ""}}, {"model": "sure.clientoption", "pk": 342, "fields": {"text": "More than half the days", "text_en": "More than half the days", "text_de": null, "text_fr": null, "text_it": null, "text_es": null, "text_pt": null, "code": "3", "allow_text": false, "order": 2, "choices": "[]", "question": 68, "text_for_consultant": ""}}, {"model": "sure.clientoption", "pk": 343, "fields": {"text": "Nearly every day", "text_en": "Nearly every day", "text_de": null, "text_fr": null, "text_it": null, "text_es": null, "text_pt": null, "code": "4", "allow_text": false, "order": 3, "choices": "[]", "question": 68, "text_for_consultant": ""}}, {"model": "sure.clientoption", "pk": 344, "fields": {"text": "I don't want to say.", "text_en": "I don't want to say.", "text_de": null, "text_fr": null, "text_it": null, "text_es": null, "text_pt": null, "code": "99", "allow_text": false, "order": 4, "choices": "[]", "question": 68, "text_for_consultant": ""}}, {"model": "sure.clientoption", "pk": 345, "fields": {"text": "Not at all", "text_en": "Not at all", "text_de": null, "text_fr": null, "text_it": null, "text_es": null, "text_pt": null, "code": "1", "allow_text": false, "order": 0, "choices": "[]", "question": 69, "text_for_consultant": ""}}, {"model": "sure.clientoption", "pk": 346, "fields": {"text": "Several days", "text_en": "Several days", "text_de": null, "text_fr": null, "text_it": null, "text_es": null, "text_pt": null, "code": "2", "allow_text": false, "order": 1, "choices": "[]", "question": 69, "text_for_consultant": ""}}, {"model": "sure.clientoption", "pk": 347, "fields": {"text": "More than half the days", "text_en": "More than half the days", "text_de": null, "text_fr": null, "text_it": null, "text_es": null, "text_pt": null, "code": "3", "allow_text": false, "order": 2, "choices": "[]", "question": 69, "text_for_consultant": ""}}, {"model": "sure.clientoption", "pk": 348, "fields": {"text": "Nearly every day", "text_en": "Nearly every day", "text_de": null, "text_fr": null, "text_it": null, "text_es": null, "text_pt": null, "code": "4", "allow_text": false, "order": 3, "choices": "[]", "question": 69, "text_for_consultant": ""}}, {"model": "sure.clientoption", "pk": 349, "fields": {"text": "I don't want to say.", "text_en": "I don't want to say.", "text_de": null, "text_fr": null, "text_it": null, "text_es": null, "text_pt": null, "code": "99", "allow_text": false, "order": 4, "choices": "[]", "question": 69, "text_for_consultant": ""}}, {"model": "sure.clientoption", "pk": 350, "fields": {"text": "Yes", "text_en": "Yes", "text_de": null, "text_fr": null, "text_it": null, "text_es": null, "text_pt": null, "code": "1", "allow_text": false, "order": 0, "choices": "[]", "question": 70, "text_for_consultant": ""}}, {"model": "sure.clientoption", "pk": 351, "fields": {"text": "No", "text_en": "No", "text_de": null, "text_fr": null, "text_it": null, "text_es": null, "text_pt": null, "code": "0", "allow_text": false, "order": 1, "choices": "[]", "question": 70, "text_for_consultant": ""}}, {"model": "sure.clientoption", "pk": 352, "fields": {"text": "I don't want to say.", "text_en": "I don't want to say.", "text_de": null, "text_fr": null, "text_it": null, "text_es": null, "text_pt": null, "code": "99", "allow_text": false, "order": 2, "choices": "[]", "question": 70, "text_for_consultant": ""}}, {"model": "sure.clientoption", "pk": 353, "fields": {"text": "Yes", "text_en": "Yes", "text_de": null, "text_fr": null, "text_it": null, "text_es": null, "text_pt": null, "code": "1", "allow_text": false, "order": 0, "choices": "[]", "question": 71, "text_for_consultant": ""}}, {"model": "sure.clientoption", "pk": 354, "fields": {"text": "No", "text_en": "No", "text_de": null, "text_fr": null, "text_it": null, "text_es": null, "text_pt": null, "code": "0", "allow_text": false, "order": 1, "choices": "[]", "question": 71, "text_for_consultant": ""}}, {"model": "sure.clientoption", "pk": 355, "fields": {"text": "I don't want to say.", "text_en": "I don't want to say.", "text_de": null, "text_fr": null, "text_it": null, "text_es": null, "text_pt": null, "code": "99", "allow_text": false, "order": 2, "choices": "[]", "question": 71, "text_for_consultant": ""}}, {"model": "sure.clientoption", "pk": 356, "fields": {"text": "Yes", "text_en": "Yes", "text_de": null, "text_fr": null, "text_it": null, "text_es": null, "text_pt": null, "code": "1", "allow_text": false, "order": 0, "choices": "[]", "question": 72, "text_for_consultant": ""}}, {"model": "sure.clientoption", "pk": 357, "fields": {"text": "No", "text_en": "No", "text_de": null, "text_fr": null, "text_it": null, "text_es": null, "text_pt": null, "code": "0", "allow_text": false, "order": 1, "choices": "[]", "question": 72, "text_for_consultant": ""}}, {"model": "sure.clientoption", "pk": 358, "fields": {"text": "I don't want to say.", "text_en": "I don't want to say.", "text_de": null, "text_fr": null, "text_it": null, "text_es": null, "text_pt": null, "code": "99", "allow_text": false, "order": 2, "choices": "[]", "question": 72, "text_for_consultant": ""}}, {"model": "sure.clientoption", "pk": 359, "fields": {"text": "Yes", "text_en": "Yes", "text_de": null, "text_fr": null, "text_it": null, "text_es": null, "text_pt": null, "code": "1", "allow_text": false, "order": 0, "choices": "[]", "question": 73, "text_for_consultant": ""}}, {"model": "sure.clientoption", "pk": 360, "fields": {"text": "No", "text_en": "No", "text_de": null, "text_fr": null, "text_it": null, "text_es": null, "text_pt": null, "code": "0", "allow_text": false, "order": 1, "choices": "[]", "question": 73, "text_for_consultant": ""}}, {"model": "sure.clientoption", "pk": 361, "fields": {"text": "I don't want to say.", "text_en": "I don't want to say.", "text_de": null, "text_fr": null, "text_it": null, "text_es": null, "text_pt": null, "code": "99", "allow_text": false, "order": 2, "choices": "[]", "question": 73, "text_for_consultant": ""}}, {"model": "sure.clientoption", "pk": 362, "fields": {"text": "Yes (please specify):", "text_en": "Yes (please specify):", "text_de": null, "text_fr": null, "text_it": null, "text_es": null, "text_pt": null, "code": "1", "allow_text": true, "order": 0, "choices": "[]", "question": 74, "text_for_consultant": ""}}, {"model": "sure.clientoption", "pk": 363, "fields": {"text": "No", "text_en": "No", "text_de": null, "text_fr": null, "text_it": null, "text_es": null, "text_pt": null, "code": "0", "allow_text": false, "order": 1, "choices": "[]", "question": 74, "text_for_consultant": ""}}, {"model": "sure.clientoption", "pk": 364, "fields": {"text": "I don't want to say.", "text_en": "I don't want to say.", "text_de": null, "text_fr": null, "text_it": null, "text_es": null, "text_pt": null, "code": "99", "allow_text": false, "order": 2, "choices": "[]", "question": 74, "text_for_consultant": ""}}, {"model": "sure.clientoption", "pk": 365, "fields": {"text": "Yes, you can save my mobile number and date of birth for those purposes:", "text_en": "Yes, you can save my mobile number and date of birth for those purposes:", "text_de": null, "text_fr": null, "text_it": null, "text_es": null, "text_pt": null, "code": "1", "allow_text": false, "order": 0, "choices": "[]", "question": 75, "text_for_consultant": ""}}, {"model": "sure.clientoption", "pk": 366, "fields": {"text": "No, i will note my Questionnaire-ID and remain completely anonymous: SUF-1BC35Z. I will check www.stay-sure.ch/results in the following days.", "text_en": "No, i will note my Questionnaire-ID and remain completely anonymous: SUF-1BC35Z. I will check www.stay-sure.ch/results in the following days.", "text_de": null, "text_fr": null, "text_it": null, "text_es": null, "text_pt": null, "code": "0", "allow_text": false, "order": 3, "choices": "[]", "question": 75, "text_for_consultant": ""}}, {"model": "sure.clientoption", "pk": 367, "fields": {"text": "I don't want to say.", "text_en": "I don't want to say.", "text_de": null, "text_fr": null, "text_it": null, "text_es": null, "text_pt": null, "code": "99", "allow_text": false, "order": 0, "choices": "[]", "question": 76, "text_for_consultant": ""}}, {"model": "sure.clientoption", "pk": 368, "fields": {"text": "Select from dropdown", "text_en": "Select from dropdown", "text_de": null, "text_fr": null, "text_it": null, "text_es": null, "text_pt": null, "code": "1", "allow_text": false, "order": 0, "choices": "[\"AF\", \"AL\", \"DZ\", \"AS\", \"AD\", \"AO\", \"AI\", \"AQ\", \"AG\", \"AR\", \"AM\", \"AW\", \"AU\", \"AT\", \"AZ\", \"BS\", \"BH\", \"BD\", \"BB\", \"BY\", \"BE\", \"BZ\", \"BJ\", \"BM\", \"BT\", \"BO\", \"BQ\", \"BA\", \"BW\", \"BV\", \"BR\", \"IO\", \"BN\", \"BG\", \"BF\", \"BI\", \"KH\", \"CM\", \"CA\", \"CV\", \"KY\", \"CF\", \"TD\", \"CL\", \"CN\", \"CX\", \"CC\", \"CO\", \"KM\", \"CG\", \"CD\", \"CK\", \"CR\", \"HR\", \"CU\", \"CW\", \"CY\", \"CZ\", \"CI\", \"DK\", \"DJ\", \"DM\", \"DO\", \"EC\", \"EG\", \"SV\", \"GQ\", \"ER\", \"EE\", \"SZ\", \"ET\", \"FK\", \"FO\", \"FJ\", \"FI\", \"FR\", \"GF\", \"PF\", \"TF\", \"GA\", \"GM\", \"GE\", \"DE\", \"GH\", \"GI\", \"GR\", \"GL\", \"GD\", \"GP\", \"GU\", \"GT\", \"GG\", \"GN\", \"GW\", \"GY\", \"HT\", \"HM\", \"VA\", \"HN\", \"HK\", \"HU\", \"IS\", \"IN\", \"ID\", \"IR\", \"IQ\", \"IE\", \"IM\", \"IL\", \"IT\", \"JM\", \"JP\", \"JE\", \"JO\", \"KZ\", \"KE\", \"KI\", \"KP\", \"KR\", \"KW\", \"KG\", \"LA\", \"LV\", \"LB\", \"LS\", \"LR\", \"LY\", \"LI\", \"LT\", \"LU\", \"MO\", \"MK\", \"MG\", \"MW\", \"MY\", \"MV\", \"ML\", \"MT\", \"MH\", \"MQ\", \"MR\", \"MU\", \"YT\", \"MX\", \"FM\", \"MD\", \"MC\", \"MN\", \"ME\", \"MS\", \"MA\", \"MZ\", \"MM\", \"NA\", \"NR\", \"NP\", \"NL\", \"NC\", \"NZ\", \"NI\", \"NE\", \"NG\", \"NU\", \"NF\", \"MP\", \"NO\", \"OM\", \"PK\", \"PW\", \"PS\", \"PA\", \"PG\", \"PY\", \"PE\", \"PH\", \"PN\", \"PL\", \"PT\", \"PR\", \"QA\", \"RO\", \"RU\", \"RW\", \"RE\", \"BL\", \"SH\", \"KN\", \"LC\", \"MF\", \"PM\", \"VC\", \"WS\", \"SM\", \"ST\", \"SA\", \"SN\", \"RS\", \"SC\", \"SL\", \"SG\", \"SX\", \"SK\", \"SI\", \"SB\", \"SO\", \"ZA\", \"GS\", \"SS\", \"ES\", \"LK\", \"SD\", \"SR\", \"SJ\", \"SE\", \"CH\", \"SY\", \"TW\", \"TJ\", \"TZ\", \"TH\", \"TL\", \"TG\", \"TK\", \"TO\", \"TT\", \"TN\", \"TR\", \"TM\", \"TC\", \"TV\", \"UG\", \"UA\", \"AE\", \"GB\", \"US\", \"UM\", \"UY\", \"UZ\", \"VU\", \"VE\", \"VN\", \"VG\", \"VI\", \"WF\", \"EH\", \"YE\", \"ZM\", \"ZW\", \"AX\"]", "question": 76, "text_for_consultant": ""}}, {"model": "sure.consultantquestion", "pk": 7, "fields": {"question_text": "We addressed the questions by the client from the questionnaire.", "question_text_en": "We addressed the questions by the client from the questionnaire.", "question_text_de": null, "question_text_fr": null, "question_text_it": null, "question_text_es": null, "question_text_pt": null, "code": "CLIENT-QUESTIONNAIRE", "format": "single choice", "label": "", "label_en": null, "label_de": null, "label_fr": null, "label_it": null, "label_es": null, "label_pt": null, "copy_paste": false, "order": 0, "validation": "", "questionnaire": 2}}, {"model": "sure.consultantquestion", "pk": 8, "fields": {"question_text": "In addition, we addressed the following topics:", "question_text_en": "In addition, we addressed the following topics:", "question_text_de": null, "question_text_fr": null, "question_text_it": null, "question_text_es": null, "question_text_pt": null, "code": "TOPICS", "format": "multiple choice + multiple open text field", "label": "", "label_en": null, "label_de": null, "label_fr": null, "label_it": null, "label_es": null, "label_pt": null, "copy_paste": false, "order": 1, "validation": "", "questionnaire": 2}}, {"model": "sure.consultantquestion", "pk": 9, "fields": {"question_text": "I have clarified the vaccination status. The client is fully immunised against:", "question_text_en": "I have clarified the vaccination status. The client is fully immunised against:", "question_text_de": null, "question_text_fr": null, "question_text_it": null, "question_text_es": null, "question_text_pt": null, "code": "VACCINATIONSTATUS", "format": "multiple choice + multiple open text field", "label": "", "label_en": null, "label_de": null, "label_fr": null, "label_it": null, "label_es": null, "label_pt": null, "copy_paste": false, "order": 2, "validation": "", "questionnaire": 2}}, {"model": "sure.consultantquestion", "pk": 10, "fields": {"question_text": "Based on the consultation, I proposed the following measures:", "question_text_en": "Based on the consultation, I proposed the following measures:", "question_text_de": null, "question_text_fr": null, "question_text_it": null, "question_text_es": null, "question_text_pt": null, "code": "PRESCRIPTION", "format": "multiple choice + multiple open text field", "label": "", "label_en": null, "label_de": null, "label_fr": null, "label_it": null, "label_es": null, "label_pt": null, "copy_paste": false, "order": 3, "validation": "", "questionnaire": 2}}, {"model": "sure.consultantquestion", "pk": 11, "fields": {"question_text": "Based on the consultation, I recommend testing again in:\r\n(If the client has provided their mobile phone number, they will receive a reminder.)", "question_text_en": "Based on the consultation, I recommend testing again in:\r\n(If the client has provided their mobile phone number, they will receive a reminder.)", "question_text_de": "", "question_text_fr": "", "question_text_it": "", "question_text_es": "", "question_text_pt": "", "code": "REMINDER", "format": "single choice", "label": "", "label_en": null, "label_de": null, "label_fr": null, "label_it": null, "label_es": null, "label_pt": null, "copy_paste": false, "order": 4, "validation": "", "questionnaire": 2}}, {"model": "sure.consultantquestion", "pk": 12, "fields": {"question_text": "Internal remarks", "question_text_en": "Internal remarks", "question_text_de": null, "question_text_fr": null, "question_text_it": null, "question_text_es": null, "question_text_pt": null, "code": "CONSULTANT-TEXT", "format": "open text field", "label": "", "label_en": null, "label_de": null, "label_fr": null, "label_it": null, "label_es": null, "label_pt": null, "copy_paste": false, "order": 8, "validation": "", "questionnaire": 2}}, {"model": "sure.consultantoption", "pk": 50, "fields": {"text": "Yes", "text_en": "Yes", "text_de": null, "text_fr": null, "text_it": null, "text_es": null, "text_pt": null, "code": "1", "allow_text": false, "order": 0, "choices": "[]", "question": 7}}, {"model": "sure.consultantoption", "pk": 51, "fields": {"text": "No", "text_en": "No", "text_de": null, "text_fr": null, "text_it": null, "text_es": null, "text_pt": null, "code": "0", "allow_text": false, "order": 1, "choices": "[]", "question": 7}}, {"model": "sure.consultantoption", "pk": 52, "fields": {"text": "missing", "text_en": "missing", "text_de": null, "text_fr": null, "text_it": null, "text_es": null, "text_pt": null, "code": "99", "allow_text": false, "order": 2, "choices": "[]", "question": 7}}, {"model": "sure.consultantoption", "pk": 53, "fields": {"text": "Test procedure", "text_en": "Test procedure", "text_de": null, "text_fr": null, "text_it": null, "text_es": null, "text_pt": null, "code": "1", "allow_text": false, "order": 0, "choices": "[]", "question": 8}}, {"model": "sure.consultantoption", "pk": 54, "fields": {"text": "HIV: prevention,  symptoms, testing", "text_en": "HIV: prevention,  symptoms, testing", "text_de": null, "text_fr": null, "text_it": null, "text_es": null, "text_pt": null, "code": "2", "allow_text": false, "order": 1, "choices": "[]", "question": 8}}, {"model": "sure.consultantoption", "pk": 55, "fields": {"text": "Other STI: prevention,  symptoms, testing", "text_en": "Other STI: prevention,  symptoms, testing", "text_de": null, "text_fr": null, "text_it": null, "text_es": null, "text_pt": null, "code": "3", "allow_text": false, "order": 2, "choices": "[]", "question": 8}}, {"model": "sure.consultantoption", "pk": 56, "fields": {"text": "Mental health", "text_en": "Mental health", "text_de": null, "text_fr": null, "text_it": null, "text_es": null, "text_pt": null, "code": "4", "allow_text": false, "order": 3, "choices": "[]", "question": 8}}, {"model": "sure.consultantoption", "pk": 57, "fields": {"text": "Substance use", "text_en": "Substance use", "text_de": null, "text_fr": null, "text_it": null, "text_es": null, "text_pt": null, "code": "5", "allow_text": false, "order": 4, "choices": "[]", "question": 8}}, {"model": "sure.consultantoption", "pk": 58, "fields": {"text": "Gender idenity", "text_en": "Gender idenity", "text_de": null, "text_fr": null, "text_it": null, "text_es": null, "text_pt": null, "code": "6", "allow_text": false, "order": 5, "choices": "[]", "question": 8}}, {"model": "sure.consultantoption", "pk": 59, "fields": {"text": "Sexual orientation", "text_en": "Sexual orientation", "text_de": null, "text_fr": null, "text_it": null, "text_es": null, "text_pt": null, "code": "7", "allow_text": false, "order": 6, "choices": "[]", "question": 8}}, {"model": "sure.consultantoption", "pk": 60, "fields": {"text": "Sexuality, love, relationships", "text_en": "Sexuality, love, relationships", "text_de": null, "text_fr": null, "text_it": null, "text_es": null, "text_pt": null, "code": "8", "allow_text": false, "order": 7, "choices": "[]", "question": 8}}, {"model": "sure.consultantoption", "pk": 61, "fields": {"text": "Sexual or reproductive health", "text_en": "Sexual or reproductive health", "text_de": null, "text_fr": null, "text_it": null, "text_es": null, "text_pt": null, "code": "9", "allow_text": false, "order": 8, "choices": "[]", "question": 8}}, {"model": "sure.consultantoption", "pk": 62, "fields": {"text": "Living with HIV", "text_en": "Living with HIV", "text_de": null, "text_fr": null, "text_it": null, "text_es": null, "text_pt": null, "code": "10", "allow_text": false, "order": 9, "choices": "[]", "question": 8}}, {"model": "sure.consultantoption", "pk": 63, "fields": {"text": "Other:", "text_en": "Other:", "text_de": null, "text_fr": null, "text_it": null, "text_es": null, "text_pt": null, "code": "11", "allow_text": true, "order": 10, "choices": "[]", "question": 8}}, {"model": "sure.consultantoption", "pk": 64, "fields": {"text": "Optionally more ‘other’", "text_en": "Optionally more ‘other’", "text_de": null, "text_fr": null, "text_it": null, "text_es": null, "text_pt": null, "code": "12", "allow_text": false, "order": 11, "choices": "[]", "question": 8}}, {"model": "sure.consultantoption", "pk": 65, "fields": {"text": "missing", "text_en": "missing", "text_de": null, "text_fr": null, "text_it": null, "text_es": null, "text_pt": null, "code": "99", "allow_text": false, "order": 12, "choices": "[]", "question": 8}}, {"model": "sure.consultantoption", "pk": 66, "fields": {"text": "Hepatitis A", "text_en": "Hepatitis A", "text_de": null, "text_fr": null, "text_it": null, "text_es": null, "text_pt": null, "code": "1", "allow_text": false, "order": 0, "choices": "[]", "question": 9}}, {"model": "sure.consultantoption", "pk": 67, "fields": {"text": "Hepatitis B", "text_en": "Hepatitis B", "text_de": null, "text_fr": null, "text_it": null, "text_es": null, "text_pt": null, "code": "2", "allow_text": false, "order": 1, "choices": "[]", "question": 9}}, {"model": "sure.consultantoption", "pk": 68, "fields": {"text": "HPV", "text_en": "HPV", "text_de": null, "text_fr": null, "text_it": null, "text_es": null, "text_pt": null, "code": "3", "allow_text": false, "order": 2, "choices": "[]", "question": 9}}, {"model": "sure.consultantoption", "pk": 69, "fields": {"text": "Mpox", "text_en": "Mpox", "text_de": null, "text_fr": null, "text_it": null, "text_es": null, "text_pt": null, "code": "4", "allow_text": false, "order": 3, "choices": "[]", "question": 9}}, {"model": "sure.consultantoption", "pk": 70, "fields": {"text": "4MenB", "text_en": "4MenB", "text_de": null, "text_fr": null, "text_it": null, "text_es": null, "text_pt": null, "code": "5", "allow_text": false, "order": 4, "choices": "[]", "question": 9}}, {"model": "sure.consultantoption", "pk": 71, "fields": {"text": "Other:", "text_en": "Other:", "text_de": null, "text_fr": null, "text_it": null, "text_es": null, "text_pt": null, "code": "6", "allow_text": true, "order": 5, "choices": "[]", "question": 9}}, {"model": "sure.consultantoption", "pk": 72, "fields": {"text": "Optionally more ‘other’", "text_en": "Optionally more ‘other’", "text_de": null, "text_fr": null, "text_it": null, "text_es": null, "text_pt": null, "code": "7", "allow_text": false, "order": 6, "choices": "[]", "question": 9}}, {"model": "sure.consultantoption", "pk": 73, "fields": {"text": "missing", "text_en": "missing", "text_de": null, "text_fr": null, "text_it": null, "text_es": null, "text_pt": null, "code": "99", "allow_text": false, "order": 7, "choices": "[]", "question": 9}}, {"model": "sure.consultantoption", "pk": 74, "fields": {"text": "Vaccination Hepatitis A", "text_en": "Vaccination Hepatitis A", "text_de": null, "text_fr": null, "text_it": null, "text_es": null, "text_pt": null, "code": "1", "allow_text": false, "order": 0, "choices": "[]", "question": 10}}, {"model": "sure.consultantoption", "pk": 75, "fields": {"text": "Vaccination Hepatitis B", "text_en": "Vaccination Hepatitis B", "text_de": null, "text_fr": null, "text_it": null, "text_es": null, "text_pt": null, "code": "2", "allow_text": false, "order": 1, "choices": "[]", "question": 10}}, {"model": "sure.consultantoption", "pk": 76, "fields": {"text": "Vaccination HPV", "text_en": "Vaccination HPV", "text_de": null, "text_fr": null, "text_it": null, "text_es": null, "text_pt": null, "code": "3", "allow_text": false, "order": 2, "choices": "[]", "question": 10}}, {"model": "sure.consultantoption", "pk": 77, "fields": {"text": "Vaccination Mpox", "text_en": "Vaccination Mpox", "text_de": null, "text_fr": null, "text_it": null, "text_es": null, "text_pt": null, "code": "4", "allow_text": false, "order": 3, "choices": "[]", "question": 10}}, {"model": "sure.consultantoption", "pk": 78, "fields": {"text": "HIV-PEP", "text_en": "HIV-PEP", "text_de": null, "text_fr": null, "text_it": null, "text_es": null, "text_pt": null, "code": "5", "allow_text": false, "order": 4, "choices": "[]", "question": 10}}, {"model": "sure.consultantoption", "pk": 79, "fields": {"text": "HIV-PrEP", "text_en": "HIV-PrEP", "text_de": null, "text_fr": null, "text_it": null, "text_es": null, "text_pt": null, "code": "6", "allow_text": false, "order": 5, "choices": "[]", "question": 10}}, {"model": "sure.consultantoption", "pk": 80, "fields": {"text": "DoxyPEP", "text_en": "DoxyPEP", "text_de": null, "text_fr": null, "text_it": null, "text_es": null, "text_pt": null, "code": "7", "allow_text": false, "order": 6, "choices": "[]", "question": 10}}, {"model": "sure.consultantoption", "pk": 81, "fields": {"text": "Empiric STI treatment", "text_en": "Empiric STI treatment", "text_de": null, "text_fr": null, "text_it": null, "text_es": null, "text_pt": null, "code": "8", "allow_text": false, "order": 7, "choices": "[]", "question": 10}}, {"model": "sure.consultantoption", "pk": 82, "fields": {"text": "Contraception ordinary", "text_en": "Contraception ordinary", "text_de": null, "text_fr": null, "text_it": null, "text_es": null, "text_pt": null, "code": "9", "allow_text": false, "order": 8, "choices": "[]", "question": 10}}, {"model": "sure.consultantoption", "pk": 83, "fields": {"text": "Contraception emergency", "text_en": "Contraception emergency", "text_de": null, "text_fr": null, "text_it": null, "text_es": null, "text_pt": null, "code": "10", "allow_text": false, "order": 9, "choices": "[]", "question": 10}}, {"model": "sure.consultantoption", "pk": 84, "fields": {"text": "Other:", "text_en": "Other:", "text_de": null, "text_fr": null, "text_it": null, "text_es": null, "text_pt": null, "code": "11", "allow_text": true, "order": 10, "choices": "[]", "question": 10}}, {"model": "sure.consultantoption", "pk": 85, "fields": {"text": "Optionally more ‘other’", "text_en": "Optionally more ‘other’", "text_de": null, "text_fr": null, "text_it": null, "text_es": null, "text_pt": null, "code": "21", "allow_text": false, "order": 11, "choices": "[]", "question": 10}}, {"model": "sure.consultantoption", "pk": 86, "fields": {"text": "missing", "text_en": "missing", "text_de": null, "text_fr": null, "text_it": null, "text_es": null, "text_pt": null, "code": "99", "allow_text": false, "order": 12, "choices": "[]", "question": 10}}, {"model": "sure.consultantoption", "pk": 87, "fields": {"text": "2 weeks", "text_en": "2 weeks", "text_de": null, "text_fr": null, "text_it": null, "text_es": null, "text_pt": null, "code": "1", "allow_text": false, "order": 0, "choices": "[]", "question": 11}}, {"model": "sure.consultantoption", "pk": 88, "fields": {"text": "4 weeks", "text_en": "4 weeks", "text_de": null, "text_fr": null, "text_it": null, "text_es": null, "text_pt": null, "code": "2", "allow_text": false, "order": 1, "choices": "[]", "question": 11}}, {"model": "sure.consultantoption", "pk": 89, "fields": {"text": "6 weeks", "text_en": "6 weeks", "text_de": null, "text_fr": null, "text_it": null, "text_es": null, "text_pt": null, "code": "3", "allow_text": false, "order": 2, "choices": "[]", "question": 11}}, {"model": "sure.consultantoption", "pk": 90, "fields": {"text": "2 months", "text_en": "2 months", "text_de": null, "text_fr": null, "text_it": null, "text_es": null, "text_pt": null, "code": "4", "allow_text": false, "order": 3, "choices": "[]", "question": 11}}, {"model": "sure.consultantoption", "pk": 91, "fields": {"text": "3 months", "text_en": "3 months", "text_de": null, "text_fr": null, "text_it": null, "text_es": null, "text_pt": null, "code": "5", "allow_text": false, "order": 4, "choices": "[]", "question": 11}}, {"model": "sure.consultantoption", "pk": 92, "fields": {"text": "6 months", "text_en": "6 months", "text_de": null, "text_fr": null, "text_it": null, "text_es": null, "text_pt": null, "code": "6", "allow_text": false, "order": 5, "choices": "[]", "question": 11}}, {"model": "sure.consultantoption", "pk": 93, "fields": {"text": "9 months", "text_en": "9 months", "text_de": null, "text_fr": null, "text_it": null, "text_es": null, "text_pt": null, "code": "7", "allow_text": false, "order": 6, "choices": "[]", "question": 11}}, {"model": "sure.consultantoption", "pk": 94, "fields": {"text": "12 months", "text_en": "12 months", "text_de": null, "text_fr": null, "text_it": null, "text_es": null, "text_pt": null, "code": "8", "allow_text": false, "order": 7, "choices": "[]", "question": 11}}, {"model": "sure.consultantoption", "pk": 95, "fields": {"text": "No reminder useful", "text_en": "No reminder useful", "text_de": null, "text_fr": null, "text_it": null, "text_es": null, "text_pt": null, "code": "97", "allow_text": false, "order": 8, "choices": "[]", "question": 11}}, {"model": "sure.consultantoption", "pk": 96, "fields": {"text": "missing", "text_en": "missing", "text_de": null, "text_fr": null, "text_it": null, "text_es": null, "text_pt": null, "code": "99", "allow_text": false, "order": 9, "choices": "[]", "question": 11}}, {"model": "sure.consultantoption", "pk": 97, "fields": {"text": "", "text_en": "", "text_de": null, "text_fr": null, "text_it": null, "text_es": null, "text_pt": null, "code": "1", "allow_text": true, "order": 0, "choices": "[]", "question": 12}}, {"model": "sure.consultantoption", "pk": 98, "fields": {"text": "missing", "text_en": "missing", "text_de": null, "text_fr": null, "text_it": null, "text_es": null, "text_pt": null, "code": "99", "allow_text": false, "order": 1, "choices": "[]", "question": 12}}]